"tensor(52.5213, grad_fn=<UnbindBackward0>)","tensor(63.5209, grad_fn=<UnbindBackward0>)"
"tensor(35.8287, grad_fn=<UnbindBackward0>)","tensor(45.3862, grad_fn=<UnbindBackward0>)"
"tensor(59.2745, grad_fn=<UnbindBackward0>)","tensor(61.6897, grad_fn=<UnbindBackward0>)"
"tensor(75.7263, grad_fn=<UnbindBackward0>)","tensor(77.0635, grad_fn=<UnbindBackward0>)"
"tensor(64.2205, grad_fn=<UnbindBackward0>)","tensor(75.9043, grad_fn=<UnbindBackward0>)"
"tensor(72.8755, grad_fn=<UnbindBackward0>)","tensor(71.9478, grad_fn=<UnbindBackward0>)"
"tensor(55.3061, grad_fn=<UnbindBackward0>)","tensor(63.6761, grad_fn=<UnbindBackward0>)"
"tensor(76.1591, grad_fn=<UnbindBackward0>)","tensor(78.1346, grad_fn=<UnbindBackward0>)"
"tensor(38.3881, grad_fn=<UnbindBackward0>)","tensor(49.5250, grad_fn=<UnbindBackward0>)"
"tensor(65.1673, grad_fn=<UnbindBackward0>)","tensor(60.7156, grad_fn=<UnbindBackward0>)"
"tensor(76.3302, grad_fn=<UnbindBackward0>)","tensor(74.9639, grad_fn=<UnbindBackward0>)"
"tensor(45.8480, grad_fn=<UnbindBackward0>)","tensor(64.4005, grad_fn=<UnbindBackward0>)"
"tensor(57.4506, grad_fn=<UnbindBackward0>)","tensor(68.7929, grad_fn=<UnbindBackward0>)"
"tensor(54.1285, grad_fn=<UnbindBackward0>)","tensor(77.1680, grad_fn=<UnbindBackward0>)"
"tensor(48.0494, grad_fn=<UnbindBackward0>)","tensor(71.7543, grad_fn=<UnbindBackward0>)"
"tensor(76.5582, grad_fn=<UnbindBackward0>)","tensor(77.0095, grad_fn=<UnbindBackward0>)"
"tensor(54.4910, grad_fn=<UnbindBackward0>)","tensor(59.6925, grad_fn=<UnbindBackward0>)"
"tensor(32.7897, grad_fn=<UnbindBackward0>)","tensor(39.4520, grad_fn=<UnbindBackward0>)"
"tensor(72.5419, grad_fn=<UnbindBackward0>)","tensor(79.9791, grad_fn=<UnbindBackward0>)"
"tensor(63.8397, grad_fn=<UnbindBackward0>)","tensor(75.5655, grad_fn=<UnbindBackward0>)"
"tensor(48.0940, grad_fn=<UnbindBackward0>)","tensor(69.9615, grad_fn=<UnbindBackward0>)"
"tensor(56.9755, grad_fn=<UnbindBackward0>)","tensor(62.3552, grad_fn=<UnbindBackward0>)"
"tensor(42.5016, grad_fn=<UnbindBackward0>)","tensor(52.5408, grad_fn=<UnbindBackward0>)"
"tensor(77.0361, grad_fn=<UnbindBackward0>)","tensor(74.4870, grad_fn=<UnbindBackward0>)"
"tensor(59.1846, grad_fn=<UnbindBackward0>)","tensor(68.6311, grad_fn=<UnbindBackward0>)"
"tensor(75.0782, grad_fn=<UnbindBackward0>)","tensor(72.5588, grad_fn=<UnbindBackward0>)"
"tensor(49.3622, grad_fn=<UnbindBackward0>)","tensor(61.1611, grad_fn=<UnbindBackward0>)"
"tensor(64.9341, grad_fn=<UnbindBackward0>)","tensor(76.9587, grad_fn=<UnbindBackward0>)"
"tensor(46.1361, grad_fn=<UnbindBackward0>)","tensor(60.6586, grad_fn=<UnbindBackward0>)"
"tensor(75.6618, grad_fn=<UnbindBackward0>)","tensor(74.9680, grad_fn=<UnbindBackward0>)"
"tensor(76.4493, grad_fn=<UnbindBackward0>)","tensor(76.7006, grad_fn=<UnbindBackward0>)"
"tensor(51.4857, grad_fn=<UnbindBackward0>)","tensor(63.3103, grad_fn=<UnbindBackward0>)"
"tensor(76.8571, grad_fn=<UnbindBackward0>)","tensor(77.3337, grad_fn=<UnbindBackward0>)"
"tensor(76.8195, grad_fn=<UnbindBackward0>)","tensor(76.4016, grad_fn=<UnbindBackward0>)"
"tensor(77.0358, grad_fn=<UnbindBackward0>)","tensor(73.9748, grad_fn=<UnbindBackward0>)"
"tensor(76.2651, grad_fn=<UnbindBackward0>)","tensor(76.7472, grad_fn=<UnbindBackward0>)"
"tensor(71.4570, grad_fn=<UnbindBackward0>)","tensor(67.7363, grad_fn=<UnbindBackward0>)"
"tensor(74.9993, grad_fn=<UnbindBackward0>)","tensor(78.9912, grad_fn=<UnbindBackward0>)"
"tensor(68.9339, grad_fn=<UnbindBackward0>)","tensor(66.9015, grad_fn=<UnbindBackward0>)"
"tensor(71.9491, grad_fn=<UnbindBackward0>)","tensor(78.8529, grad_fn=<UnbindBackward0>)"
"tensor(31.5527, grad_fn=<UnbindBackward0>)","tensor(44.3611, grad_fn=<UnbindBackward0>)"
"tensor(77.0880, grad_fn=<UnbindBackward0>)","tensor(76.3598, grad_fn=<UnbindBackward0>)"
"tensor(37.9037, grad_fn=<UnbindBackward0>)","tensor(49.1885, grad_fn=<UnbindBackward0>)"
"tensor(40.2938, grad_fn=<UnbindBackward0>)","tensor(50.0704, grad_fn=<UnbindBackward0>)"
"tensor(76.7445, grad_fn=<UnbindBackward0>)","tensor(76.0689, grad_fn=<UnbindBackward0>)"
"tensor(59.1225, grad_fn=<UnbindBackward0>)","tensor(59.4664, grad_fn=<UnbindBackward0>)"
"tensor(68.9222, grad_fn=<UnbindBackward0>)","tensor(77.5271, grad_fn=<UnbindBackward0>)"
"tensor(67.3912, grad_fn=<UnbindBackward0>)","tensor(66.9435, grad_fn=<UnbindBackward0>)"
"tensor(32.8655, grad_fn=<UnbindBackward0>)","tensor(43.1982, grad_fn=<UnbindBackward0>)"
"tensor(73.7954, grad_fn=<UnbindBackward0>)","tensor(72.6745, grad_fn=<UnbindBackward0>)"
"tensor(35.0850, grad_fn=<UnbindBackward0>)","tensor(45.5117, grad_fn=<UnbindBackward0>)"
"tensor(75.4232, grad_fn=<UnbindBackward0>)","tensor(77.7705, grad_fn=<UnbindBackward0>)"
"tensor(73.7198, grad_fn=<UnbindBackward0>)","tensor(76.9849, grad_fn=<UnbindBackward0>)"
"tensor(69.0485, grad_fn=<UnbindBackward0>)","tensor(71.7577, grad_fn=<UnbindBackward0>)"
"tensor(49.7256, grad_fn=<UnbindBackward0>)","tensor(60.1707, grad_fn=<UnbindBackward0>)"
"tensor(31.2823, grad_fn=<UnbindBackward0>)","tensor(41.8916, grad_fn=<UnbindBackward0>)"
"tensor(45.0665, grad_fn=<UnbindBackward0>)","tensor(57.3023, grad_fn=<UnbindBackward0>)"
"tensor(58.9582, grad_fn=<UnbindBackward0>)","tensor(69.1050, grad_fn=<UnbindBackward0>)"
"tensor(75.0748, grad_fn=<UnbindBackward0>)","tensor(79.6369, grad_fn=<UnbindBackward0>)"
"tensor(76.4120, grad_fn=<UnbindBackward0>)","tensor(74.5566, grad_fn=<UnbindBackward0>)"
"tensor(49.0680, grad_fn=<UnbindBackward0>)","tensor(58.9479, grad_fn=<UnbindBackward0>)"
"tensor(53.3846, grad_fn=<UnbindBackward0>)","tensor(72.0453, grad_fn=<UnbindBackward0>)"
"tensor(58.1659, grad_fn=<UnbindBackward0>)","tensor(69.3293, grad_fn=<UnbindBackward0>)"
"tensor(60.0923, grad_fn=<UnbindBackward0>)","tensor(69.3899, grad_fn=<UnbindBackward0>)"
"tensor(38.8048, grad_fn=<UnbindBackward0>)","tensor(46.4753, grad_fn=<UnbindBackward0>)"
"tensor(58.6137, grad_fn=<UnbindBackward0>)","tensor(72.8927, grad_fn=<UnbindBackward0>)"
"tensor(34.5992, grad_fn=<UnbindBackward0>)","tensor(44.0982, grad_fn=<UnbindBackward0>)"
"tensor(46.2437, grad_fn=<UnbindBackward0>)","tensor(56.0208, grad_fn=<UnbindBackward0>)"
"tensor(77.3883, grad_fn=<UnbindBackward0>)","tensor(73.0586, grad_fn=<UnbindBackward0>)"
"tensor(49.6848, grad_fn=<UnbindBackward0>)","tensor(63.2172, grad_fn=<UnbindBackward0>)"
"tensor(49.0518, grad_fn=<UnbindBackward0>)","tensor(58.2906, grad_fn=<UnbindBackward0>)"
"tensor(53.3675, grad_fn=<UnbindBackward0>)","tensor(67.3563, grad_fn=<UnbindBackward0>)"
"tensor(65.0567, grad_fn=<UnbindBackward0>)","tensor(66.5329, grad_fn=<UnbindBackward0>)"
"tensor(39.6030, grad_fn=<UnbindBackward0>)","tensor(47.7581, grad_fn=<UnbindBackward0>)"
"tensor(41.6849, grad_fn=<UnbindBackward0>)","tensor(51.8002, grad_fn=<UnbindBackward0>)"
"tensor(70.2700, grad_fn=<UnbindBackward0>)","tensor(73.9484, grad_fn=<UnbindBackward0>)"
"tensor(70.8318, grad_fn=<UnbindBackward0>)","tensor(78.6723, grad_fn=<UnbindBackward0>)"
"tensor(75.5426, grad_fn=<UnbindBackward0>)","tensor(75.4755, grad_fn=<UnbindBackward0>)"
"tensor(75.2081, grad_fn=<UnbindBackward0>)","tensor(73.2615, grad_fn=<UnbindBackward0>)"
"tensor(75.3061, grad_fn=<UnbindBackward0>)","tensor(70.0369, grad_fn=<UnbindBackward0>)"
"tensor(53.8827, grad_fn=<UnbindBackward0>)","tensor(69.6720, grad_fn=<UnbindBackward0>)"
"tensor(56.6824, grad_fn=<UnbindBackward0>)","tensor(68.0778, grad_fn=<UnbindBackward0>)"
"tensor(76.0284, grad_fn=<UnbindBackward0>)","tensor(76.8317, grad_fn=<UnbindBackward0>)"
"tensor(53.6296, grad_fn=<UnbindBackward0>)","tensor(71.6761, grad_fn=<UnbindBackward0>)"
"tensor(35.3560, grad_fn=<UnbindBackward0>)","tensor(48.2119, grad_fn=<UnbindBackward0>)"
"tensor(33.3288, grad_fn=<UnbindBackward0>)","tensor(45.9888, grad_fn=<UnbindBackward0>)"
"tensor(56.0610, grad_fn=<UnbindBackward0>)","tensor(76.7728, grad_fn=<UnbindBackward0>)"
"tensor(50.0163, grad_fn=<UnbindBackward0>)","tensor(69.0871, grad_fn=<UnbindBackward0>)"
"tensor(43.2842, grad_fn=<UnbindBackward0>)","tensor(54.0014, grad_fn=<UnbindBackward0>)"
"tensor(49.0709, grad_fn=<UnbindBackward0>)","tensor(59.6824, grad_fn=<UnbindBackward0>)"
"tensor(67.6809, grad_fn=<UnbindBackward0>)","tensor(78.6209, grad_fn=<UnbindBackward0>)"
"tensor(70.9742, grad_fn=<UnbindBackward0>)","tensor(79.5753, grad_fn=<UnbindBackward0>)"
"tensor(42.9429, grad_fn=<UnbindBackward0>)","tensor(51.3026, grad_fn=<UnbindBackward0>)"
"tensor(37.5248, grad_fn=<UnbindBackward0>)","tensor(47.2349, grad_fn=<UnbindBackward0>)"
"tensor(38.9037, grad_fn=<UnbindBackward0>)","tensor(51.7760, grad_fn=<UnbindBackward0>)"
"tensor(51.6530, grad_fn=<UnbindBackward0>)","tensor(68.7256, grad_fn=<UnbindBackward0>)"
"tensor(67.6383, grad_fn=<UnbindBackward0>)","tensor(78.8426, grad_fn=<UnbindBackward0>)"
"tensor(62.8042, grad_fn=<UnbindBackward0>)","tensor(78.9022, grad_fn=<UnbindBackward0>)"
"tensor(62.4562, grad_fn=<UnbindBackward0>)","tensor(66.9694, grad_fn=<UnbindBackward0>)"
"tensor(39.4158, grad_fn=<UnbindBackward0>)","tensor(46.5935, grad_fn=<UnbindBackward0>)"
"tensor(57.1871, grad_fn=<UnbindBackward0>)","tensor(80.4113, grad_fn=<UnbindBackward0>)"
"tensor(60.0825, grad_fn=<UnbindBackward0>)","tensor(61.2372, grad_fn=<UnbindBackward0>)"
"tensor(68.5192, grad_fn=<UnbindBackward0>)","tensor(62.6583, grad_fn=<UnbindBackward0>)"
"tensor(76.8048, grad_fn=<UnbindBackward0>)","tensor(76.2489, grad_fn=<UnbindBackward0>)"
"tensor(67.0125, grad_fn=<UnbindBackward0>)","tensor(70.7678, grad_fn=<UnbindBackward0>)"
"tensor(51.6932, grad_fn=<UnbindBackward0>)","tensor(58.4783, grad_fn=<UnbindBackward0>)"
"tensor(51.3930, grad_fn=<UnbindBackward0>)","tensor(75.8718, grad_fn=<UnbindBackward0>)"
"tensor(56.0746, grad_fn=<UnbindBackward0>)","tensor(70.3109, grad_fn=<UnbindBackward0>)"
"tensor(69.6913, grad_fn=<UnbindBackward0>)","tensor(65.3086, grad_fn=<UnbindBackward0>)"
"tensor(74.9082, grad_fn=<UnbindBackward0>)","tensor(73.2044, grad_fn=<UnbindBackward0>)"
"tensor(67.2209, grad_fn=<UnbindBackward0>)","tensor(78.0693, grad_fn=<UnbindBackward0>)"
"tensor(37.6252, grad_fn=<UnbindBackward0>)","tensor(45.9475, grad_fn=<UnbindBackward0>)"
"tensor(51.0154, grad_fn=<UnbindBackward0>)","tensor(73.5742, grad_fn=<UnbindBackward0>)"
"tensor(56.1204, grad_fn=<UnbindBackward0>)","tensor(60.5398, grad_fn=<UnbindBackward0>)"
"tensor(36.2282, grad_fn=<UnbindBackward0>)","tensor(45.2333, grad_fn=<UnbindBackward0>)"
"tensor(65.6069, grad_fn=<UnbindBackward0>)","tensor(78.3532, grad_fn=<UnbindBackward0>)"
"tensor(76.5134, grad_fn=<UnbindBackward0>)","tensor(76.8628, grad_fn=<UnbindBackward0>)"
"tensor(53.8609, grad_fn=<UnbindBackward0>)","tensor(57.8470, grad_fn=<UnbindBackward0>)"
"tensor(65.8965, grad_fn=<UnbindBackward0>)","tensor(78.3674, grad_fn=<UnbindBackward0>)"
"tensor(52.0881, grad_fn=<UnbindBackward0>)","tensor(62.3986, grad_fn=<UnbindBackward0>)"
"tensor(68.3803, grad_fn=<UnbindBackward0>)","tensor(75.3612, grad_fn=<UnbindBackward0>)"
"tensor(63.9889, grad_fn=<UnbindBackward0>)","tensor(76.9745, grad_fn=<UnbindBackward0>)"
"tensor(72.5405, grad_fn=<UnbindBackward0>)","tensor(77.5167, grad_fn=<UnbindBackward0>)"
"tensor(53.9189, grad_fn=<UnbindBackward0>)","tensor(60.0643, grad_fn=<UnbindBackward0>)"
"tensor(63.4984, grad_fn=<UnbindBackward0>)","tensor(71.5165, grad_fn=<UnbindBackward0>)"
"tensor(67.4261, grad_fn=<UnbindBackward0>)","tensor(78.5294, grad_fn=<UnbindBackward0>)"
"tensor(43.5751, grad_fn=<UnbindBackward0>)","tensor(56.9377, grad_fn=<UnbindBackward0>)"
"tensor(47.5198, grad_fn=<UnbindBackward0>)","tensor(73.9727, grad_fn=<UnbindBackward0>)"
"tensor(76.3024, grad_fn=<UnbindBackward0>)","tensor(78.2154, grad_fn=<UnbindBackward0>)"
"tensor(77.2105, grad_fn=<UnbindBackward0>)","tensor(74.7995, grad_fn=<UnbindBackward0>)"
"tensor(68.9905, grad_fn=<UnbindBackward0>)","tensor(77.2321, grad_fn=<UnbindBackward0>)"
"tensor(60.9746, grad_fn=<UnbindBackward0>)","tensor(61.3525, grad_fn=<UnbindBackward0>)"
"tensor(39.0107, grad_fn=<UnbindBackward0>)","tensor(48.2416, grad_fn=<UnbindBackward0>)"
"tensor(56.2993, grad_fn=<UnbindBackward0>)","tensor(58.6733, grad_fn=<UnbindBackward0>)"
"tensor(43.7601, grad_fn=<UnbindBackward0>)","tensor(58.5479, grad_fn=<UnbindBackward0>)"
"tensor(76.0658, grad_fn=<UnbindBackward0>)","tensor(74.7209, grad_fn=<UnbindBackward0>)"
"tensor(56.9268, grad_fn=<UnbindBackward0>)","tensor(77.9306, grad_fn=<UnbindBackward0>)"
"tensor(53.3439, grad_fn=<UnbindBackward0>)","tensor(66.1938, grad_fn=<UnbindBackward0>)"
"tensor(63.5580, grad_fn=<UnbindBackward0>)","tensor(79.9704, grad_fn=<UnbindBackward0>)"
"tensor(35.9358, grad_fn=<UnbindBackward0>)","tensor(46.7855, grad_fn=<UnbindBackward0>)"
"tensor(75.8310, grad_fn=<UnbindBackward0>)","tensor(77.6234, grad_fn=<UnbindBackward0>)"
"tensor(38.1761, grad_fn=<UnbindBackward0>)","tensor(48.4904, grad_fn=<UnbindBackward0>)"
"tensor(71.0506, grad_fn=<UnbindBackward0>)","tensor(77.4891, grad_fn=<UnbindBackward0>)"
"tensor(76.4820, grad_fn=<UnbindBackward0>)","tensor(76.8096, grad_fn=<UnbindBackward0>)"
"tensor(63.8765, grad_fn=<UnbindBackward0>)","tensor(67.9157, grad_fn=<UnbindBackward0>)"
"tensor(57.3476, grad_fn=<UnbindBackward0>)","tensor(70.5884, grad_fn=<UnbindBackward0>)"
"tensor(33.1392, grad_fn=<UnbindBackward0>)","tensor(44.6015, grad_fn=<UnbindBackward0>)"
"tensor(46.1921, grad_fn=<UnbindBackward0>)","tensor(65.5128, grad_fn=<UnbindBackward0>)"
"tensor(73.3047, grad_fn=<UnbindBackward0>)","tensor(78.6615, grad_fn=<UnbindBackward0>)"
"tensor(71.2256, grad_fn=<UnbindBackward0>)","tensor(73.2562, grad_fn=<UnbindBackward0>)"
"tensor(42.9741, grad_fn=<UnbindBackward0>)","tensor(61.6003, grad_fn=<UnbindBackward0>)"
"tensor(55.3965, grad_fn=<UnbindBackward0>)","tensor(72.7260, grad_fn=<UnbindBackward0>)"
"tensor(60.5545, grad_fn=<UnbindBackward0>)","tensor(71.0152, grad_fn=<UnbindBackward0>)"
"tensor(67.7924, grad_fn=<UnbindBackward0>)","tensor(75.0929, grad_fn=<UnbindBackward0>)"
"tensor(54.9874, grad_fn=<UnbindBackward0>)","tensor(64.6338, grad_fn=<UnbindBackward0>)"
"tensor(51.1055, grad_fn=<UnbindBackward0>)","tensor(69.2096, grad_fn=<UnbindBackward0>)"
"tensor(76.0621, grad_fn=<UnbindBackward0>)","tensor(77.8866, grad_fn=<UnbindBackward0>)"
"tensor(63.4059, grad_fn=<UnbindBackward0>)","tensor(77.2988, grad_fn=<UnbindBackward0>)"
"tensor(59.3070, grad_fn=<UnbindBackward0>)","tensor(63.4603, grad_fn=<UnbindBackward0>)"
"tensor(58.1332, grad_fn=<UnbindBackward0>)","tensor(75.1793, grad_fn=<UnbindBackward0>)"
"tensor(62.7069, grad_fn=<UnbindBackward0>)","tensor(75.0503, grad_fn=<UnbindBackward0>)"
"tensor(69.6215, grad_fn=<UnbindBackward0>)","tensor(72.3172, grad_fn=<UnbindBackward0>)"
"tensor(46.5712, grad_fn=<UnbindBackward0>)","tensor(60.0422, grad_fn=<UnbindBackward0>)"
"tensor(77.3508, grad_fn=<UnbindBackward0>)","tensor(74.5110, grad_fn=<UnbindBackward0>)"
"tensor(72.6148, grad_fn=<UnbindBackward0>)","tensor(71.7004, grad_fn=<UnbindBackward0>)"
"tensor(75.3281, grad_fn=<UnbindBackward0>)","tensor(81.5471, grad_fn=<UnbindBackward0>)"
"tensor(76.6508, grad_fn=<UnbindBackward0>)","tensor(76.7253, grad_fn=<UnbindBackward0>)"
"tensor(45.5336, grad_fn=<UnbindBackward0>)","tensor(68.0115, grad_fn=<UnbindBackward0>)"
"tensor(48.2842, grad_fn=<UnbindBackward0>)","tensor(59.3632, grad_fn=<UnbindBackward0>)"
"tensor(70.0006, grad_fn=<UnbindBackward0>)","tensor(63.6940, grad_fn=<UnbindBackward0>)"
"tensor(54.2989, grad_fn=<UnbindBackward0>)","tensor(70.3758, grad_fn=<UnbindBackward0>)"
"tensor(51.4563, grad_fn=<UnbindBackward0>)","tensor(66.7966, grad_fn=<UnbindBackward0>)"
"tensor(41.1940, grad_fn=<UnbindBackward0>)","tensor(51.0343, grad_fn=<UnbindBackward0>)"
"tensor(44.9212, grad_fn=<UnbindBackward0>)","tensor(58.0048, grad_fn=<UnbindBackward0>)"
"tensor(60.4969, grad_fn=<UnbindBackward0>)","tensor(70.6263, grad_fn=<UnbindBackward0>)"
"tensor(70.4509, grad_fn=<UnbindBackward0>)","tensor(77.5972, grad_fn=<UnbindBackward0>)"
"tensor(70.0182, grad_fn=<UnbindBackward0>)","tensor(77.5758, grad_fn=<UnbindBackward0>)"
"tensor(63.0083, grad_fn=<UnbindBackward0>)","tensor(67.2643, grad_fn=<UnbindBackward0>)"
"tensor(76.4954, grad_fn=<UnbindBackward0>)","tensor(76.5108, grad_fn=<UnbindBackward0>)"
"tensor(76.5607, grad_fn=<UnbindBackward0>)","tensor(76.9654, grad_fn=<UnbindBackward0>)"
"tensor(56.2589, grad_fn=<UnbindBackward0>)","tensor(69.5001, grad_fn=<UnbindBackward0>)"
"tensor(55.3018, grad_fn=<UnbindBackward0>)","tensor(62.2109, grad_fn=<UnbindBackward0>)"
"tensor(37.0955, grad_fn=<UnbindBackward0>)","tensor(43.8283, grad_fn=<UnbindBackward0>)"
"tensor(50.7359, grad_fn=<UnbindBackward0>)","tensor(58.8849, grad_fn=<UnbindBackward0>)"
"tensor(55.3019, grad_fn=<UnbindBackward0>)","tensor(65.6162, grad_fn=<UnbindBackward0>)"
"tensor(54.9885, grad_fn=<UnbindBackward0>)","tensor(62.7473, grad_fn=<UnbindBackward0>)"
"tensor(75.3388, grad_fn=<UnbindBackward0>)","tensor(78.1631, grad_fn=<UnbindBackward0>)"
"tensor(50.5003, grad_fn=<UnbindBackward0>)","tensor(59.3890, grad_fn=<UnbindBackward0>)"
"tensor(52.4248, grad_fn=<UnbindBackward0>)","tensor(67.1326, grad_fn=<UnbindBackward0>)"
"tensor(71.6933, grad_fn=<UnbindBackward0>)","tensor(70.3399, grad_fn=<UnbindBackward0>)"
"tensor(38.8086, grad_fn=<UnbindBackward0>)","tensor(47.0886, grad_fn=<UnbindBackward0>)"
"tensor(48.7482, grad_fn=<UnbindBackward0>)","tensor(60.4510, grad_fn=<UnbindBackward0>)"
"tensor(71.3691, grad_fn=<UnbindBackward0>)","tensor(68.9561, grad_fn=<UnbindBackward0>)"
"tensor(47.1648, grad_fn=<UnbindBackward0>)","tensor(61.7727, grad_fn=<UnbindBackward0>)"
"tensor(55.3965, grad_fn=<UnbindBackward0>)","tensor(58.4477, grad_fn=<UnbindBackward0>)"
"tensor(76.6590, grad_fn=<UnbindBackward0>)","tensor(76.3291, grad_fn=<UnbindBackward0>)"
"tensor(33.0446, grad_fn=<UnbindBackward0>)","tensor(43.6949, grad_fn=<UnbindBackward0>)"
"tensor(55.5387, grad_fn=<UnbindBackward0>)","tensor(59.8923, grad_fn=<UnbindBackward0>)"
"tensor(37.8928, grad_fn=<UnbindBackward0>)","tensor(50.0743, grad_fn=<UnbindBackward0>)"
"tensor(50.6857, grad_fn=<UnbindBackward0>)","tensor(59.5793, grad_fn=<UnbindBackward0>)"
"tensor(54.9431, grad_fn=<UnbindBackward0>)","tensor(66.3196, grad_fn=<UnbindBackward0>)"
"tensor(47.6919, grad_fn=<UnbindBackward0>)","tensor(72.1892, grad_fn=<UnbindBackward0>)"
"tensor(30.5381, grad_fn=<UnbindBackward0>)","tensor(38.9381, grad_fn=<UnbindBackward0>)"
"tensor(66.4785, grad_fn=<UnbindBackward0>)","tensor(67.5913, grad_fn=<UnbindBackward0>)"
"tensor(69.6167, grad_fn=<UnbindBackward0>)","tensor(73.9129, grad_fn=<UnbindBackward0>)"
"tensor(69.4210, grad_fn=<UnbindBackward0>)","tensor(67.0279, grad_fn=<UnbindBackward0>)"
"tensor(76.5627, grad_fn=<UnbindBackward0>)","tensor(77.3812, grad_fn=<UnbindBackward0>)"
"tensor(54.9961, grad_fn=<UnbindBackward0>)","tensor(59.8912, grad_fn=<UnbindBackward0>)"
"tensor(76.9359, grad_fn=<UnbindBackward0>)","tensor(75.6119, grad_fn=<UnbindBackward0>)"
"tensor(77.1130, grad_fn=<UnbindBackward0>)","tensor(77.0527, grad_fn=<UnbindBackward0>)"
"tensor(60.5569, grad_fn=<UnbindBackward0>)","tensor(75.7160, grad_fn=<UnbindBackward0>)"
"tensor(48.1393, grad_fn=<UnbindBackward0>)","tensor(59.3795, grad_fn=<UnbindBackward0>)"
"tensor(60.0456, grad_fn=<UnbindBackward0>)","tensor(65.6567, grad_fn=<UnbindBackward0>)"
"tensor(51.9356, grad_fn=<UnbindBackward0>)","tensor(58.9367, grad_fn=<UnbindBackward0>)"
"tensor(45.9470, grad_fn=<UnbindBackward0>)","tensor(67.3996, grad_fn=<UnbindBackward0>)"
"tensor(39.2573, grad_fn=<UnbindBackward0>)","tensor(48.7369, grad_fn=<UnbindBackward0>)"
"tensor(76.9401, grad_fn=<UnbindBackward0>)","tensor(76.7073, grad_fn=<UnbindBackward0>)"
"tensor(44.6065, grad_fn=<UnbindBackward0>)","tensor(56.1335, grad_fn=<UnbindBackward0>)"
"tensor(67.7032, grad_fn=<UnbindBackward0>)","tensor(70.1949, grad_fn=<UnbindBackward0>)"
"tensor(72.7516, grad_fn=<UnbindBackward0>)","tensor(75.6760, grad_fn=<UnbindBackward0>)"
"tensor(75.6675, grad_fn=<UnbindBackward0>)","tensor(80.0303, grad_fn=<UnbindBackward0>)"
"tensor(70.0040, grad_fn=<UnbindBackward0>)","tensor(74.6796, grad_fn=<UnbindBackward0>)"
"tensor(48.8976, grad_fn=<UnbindBackward0>)","tensor(72.1106, grad_fn=<UnbindBackward0>)"
"tensor(66.3884, grad_fn=<UnbindBackward0>)","tensor(69.5834, grad_fn=<UnbindBackward0>)"
"tensor(32.3306, grad_fn=<UnbindBackward0>)","tensor(41.0979, grad_fn=<UnbindBackward0>)"
"tensor(56.2851, grad_fn=<UnbindBackward0>)","tensor(76.3496, grad_fn=<UnbindBackward0>)"
"tensor(76.2535, grad_fn=<UnbindBackward0>)","tensor(75.0103, grad_fn=<UnbindBackward0>)"
"tensor(40.4989, grad_fn=<UnbindBackward0>)","tensor(54.1823, grad_fn=<UnbindBackward0>)"
"tensor(56.3846, grad_fn=<UnbindBackward0>)","tensor(77.0039, grad_fn=<UnbindBackward0>)"
"tensor(47.9058, grad_fn=<UnbindBackward0>)","tensor(57.5533, grad_fn=<UnbindBackward0>)"
"tensor(76.1592, grad_fn=<UnbindBackward0>)","tensor(77.5242, grad_fn=<UnbindBackward0>)"
"tensor(75.6492, grad_fn=<UnbindBackward0>)","tensor(76.6780, grad_fn=<UnbindBackward0>)"
"tensor(76.3457, grad_fn=<UnbindBackward0>)","tensor(76.1626, grad_fn=<UnbindBackward0>)"
"tensor(74.4888, grad_fn=<UnbindBackward0>)","tensor(75.3149, grad_fn=<UnbindBackward0>)"
"tensor(38.0825, grad_fn=<UnbindBackward0>)","tensor(46.2670, grad_fn=<UnbindBackward0>)"
"tensor(60.1159, grad_fn=<UnbindBackward0>)","tensor(77.5897, grad_fn=<UnbindBackward0>)"
"tensor(38.6991, grad_fn=<UnbindBackward0>)","tensor(47.9826, grad_fn=<UnbindBackward0>)"
"tensor(70.9123, grad_fn=<UnbindBackward0>)","tensor(78.0707, grad_fn=<UnbindBackward0>)"
"tensor(48.4946, grad_fn=<UnbindBackward0>)","tensor(55.7699, grad_fn=<UnbindBackward0>)"
"tensor(34.5198, grad_fn=<UnbindBackward0>)","tensor(44.4311, grad_fn=<UnbindBackward0>)"
"tensor(76.5924, grad_fn=<UnbindBackward0>)","tensor(76.4860, grad_fn=<UnbindBackward0>)"
"tensor(33.9413, grad_fn=<UnbindBackward0>)","tensor(45.2361, grad_fn=<UnbindBackward0>)"
"tensor(40.0026, grad_fn=<UnbindBackward0>)","tensor(48.7724, grad_fn=<UnbindBackward0>)"
"tensor(52.0881, grad_fn=<UnbindBackward0>)","tensor(67.4923, grad_fn=<UnbindBackward0>)"
"tensor(55.6068, grad_fn=<UnbindBackward0>)","tensor(78.7912, grad_fn=<UnbindBackward0>)"
"tensor(52.5644, grad_fn=<UnbindBackward0>)","tensor(67.7435, grad_fn=<UnbindBackward0>)"
"tensor(32.7474, grad_fn=<UnbindBackward0>)","tensor(42.7869, grad_fn=<UnbindBackward0>)"
"tensor(40.2315, grad_fn=<UnbindBackward0>)","tensor(49.9130, grad_fn=<UnbindBackward0>)"
"tensor(76.5000, grad_fn=<UnbindBackward0>)","tensor(75.3769, grad_fn=<UnbindBackward0>)"
"tensor(66.0739, grad_fn=<UnbindBackward0>)","tensor(71.1019, grad_fn=<UnbindBackward0>)"
"tensor(40.7389, grad_fn=<UnbindBackward0>)","tensor(51.0815, grad_fn=<UnbindBackward0>)"
"tensor(49.3787, grad_fn=<UnbindBackward0>)","tensor(72.0108, grad_fn=<UnbindBackward0>)"
"tensor(47.1089, grad_fn=<UnbindBackward0>)","tensor(68.8777, grad_fn=<UnbindBackward0>)"
"tensor(66.4726, grad_fn=<UnbindBackward0>)","tensor(74.9556, grad_fn=<UnbindBackward0>)"
"tensor(47.6438, grad_fn=<UnbindBackward0>)","tensor(63.5102, grad_fn=<UnbindBackward0>)"
"tensor(56.3067, grad_fn=<UnbindBackward0>)","tensor(69.0201, grad_fn=<UnbindBackward0>)"
"tensor(77.1455, grad_fn=<UnbindBackward0>)","tensor(76.2546, grad_fn=<UnbindBackward0>)"
"tensor(60.4444, grad_fn=<UnbindBackward0>)","tensor(77.6118, grad_fn=<UnbindBackward0>)"
"tensor(59.8491, grad_fn=<UnbindBackward0>)","tensor(71.1700, grad_fn=<UnbindBackward0>)"
"tensor(52.0692, grad_fn=<UnbindBackward0>)","tensor(58.6284, grad_fn=<UnbindBackward0>)"
"tensor(67.1390, grad_fn=<UnbindBackward0>)","tensor(68.9625, grad_fn=<UnbindBackward0>)"
"tensor(56.3433, grad_fn=<UnbindBackward0>)","tensor(60.9808, grad_fn=<UnbindBackward0>)"
"tensor(73.3539, grad_fn=<UnbindBackward0>)","tensor(71.8789, grad_fn=<UnbindBackward0>)"
"tensor(70.4632, grad_fn=<UnbindBackward0>)","tensor(71.6337, grad_fn=<UnbindBackward0>)"
"tensor(72.9880, grad_fn=<UnbindBackward0>)","tensor(76.8861, grad_fn=<UnbindBackward0>)"
"tensor(64.0354, grad_fn=<UnbindBackward0>)","tensor(69.4976, grad_fn=<UnbindBackward0>)"
"tensor(46.6517, grad_fn=<UnbindBackward0>)","tensor(58.7184, grad_fn=<UnbindBackward0>)"
"tensor(76.7299, grad_fn=<UnbindBackward0>)","tensor(76.2523, grad_fn=<UnbindBackward0>)"
"tensor(53.1347, grad_fn=<UnbindBackward0>)","tensor(73.1296, grad_fn=<UnbindBackward0>)"
"tensor(67.2033, grad_fn=<UnbindBackward0>)","tensor(77.1270, grad_fn=<UnbindBackward0>)"
"tensor(73.4986, grad_fn=<UnbindBackward0>)","tensor(77.5285, grad_fn=<UnbindBackward0>)"
"tensor(51.9087, grad_fn=<UnbindBackward0>)","tensor(62.4413, grad_fn=<UnbindBackward0>)"
"tensor(37.1729, grad_fn=<UnbindBackward0>)","tensor(46.4155, grad_fn=<UnbindBackward0>)"
"tensor(59.6850, grad_fn=<UnbindBackward0>)","tensor(69.8665, grad_fn=<UnbindBackward0>)"
"tensor(37.8944, grad_fn=<UnbindBackward0>)","tensor(49.0271, grad_fn=<UnbindBackward0>)"
"tensor(67.7301, grad_fn=<UnbindBackward0>)","tensor(77.3613, grad_fn=<UnbindBackward0>)"
"tensor(67.1650, grad_fn=<UnbindBackward0>)","tensor(69.7661, grad_fn=<UnbindBackward0>)"
"tensor(36.5106, grad_fn=<UnbindBackward0>)","tensor(46.1258, grad_fn=<UnbindBackward0>)"
"tensor(74.2230, grad_fn=<UnbindBackward0>)","tensor(78.7958, grad_fn=<UnbindBackward0>)"
"tensor(40.6137, grad_fn=<UnbindBackward0>)","tensor(50.8416, grad_fn=<UnbindBackward0>)"
"tensor(48.6453, grad_fn=<UnbindBackward0>)","tensor(71.7328, grad_fn=<UnbindBackward0>)"
"tensor(52.5154, grad_fn=<UnbindBackward0>)","tensor(75.7987, grad_fn=<UnbindBackward0>)"
"tensor(33.5330, grad_fn=<UnbindBackward0>)","tensor(41.6503, grad_fn=<UnbindBackward0>)"
"tensor(41.4372, grad_fn=<UnbindBackward0>)","tensor(50.1983, grad_fn=<UnbindBackward0>)"
"tensor(42.8200, grad_fn=<UnbindBackward0>)","tensor(50.8989, grad_fn=<UnbindBackward0>)"
"tensor(47.9906, grad_fn=<UnbindBackward0>)","tensor(57.3305, grad_fn=<UnbindBackward0>)"
"tensor(76.4073, grad_fn=<UnbindBackward0>)","tensor(79.0394, grad_fn=<UnbindBackward0>)"
"tensor(68.3037, grad_fn=<UnbindBackward0>)","tensor(76.9151, grad_fn=<UnbindBackward0>)"
"tensor(45.0116, grad_fn=<UnbindBackward0>)","tensor(55.6804, grad_fn=<UnbindBackward0>)"
"tensor(69.0891, grad_fn=<UnbindBackward0>)","tensor(81.0706, grad_fn=<UnbindBackward0>)"
"tensor(38.4810, grad_fn=<UnbindBackward0>)","tensor(48.7598, grad_fn=<UnbindBackward0>)"
"tensor(34.6258, grad_fn=<UnbindBackward0>)","tensor(46.0124, grad_fn=<UnbindBackward0>)"
"tensor(73.0831, grad_fn=<UnbindBackward0>)","tensor(69.7116, grad_fn=<UnbindBackward0>)"
"tensor(38.5566, grad_fn=<UnbindBackward0>)","tensor(51.6719, grad_fn=<UnbindBackward0>)"
"tensor(49.3377, grad_fn=<UnbindBackward0>)","tensor(61.1613, grad_fn=<UnbindBackward0>)"
"tensor(72.6031, grad_fn=<UnbindBackward0>)","tensor(75.2626, grad_fn=<UnbindBackward0>)"
"tensor(54.7244, grad_fn=<UnbindBackward0>)","tensor(59.3375, grad_fn=<UnbindBackward0>)"
"tensor(46.3932, grad_fn=<UnbindBackward0>)","tensor(56.6398, grad_fn=<UnbindBackward0>)"
"tensor(69.6406, grad_fn=<UnbindBackward0>)","tensor(69.3188, grad_fn=<UnbindBackward0>)"
"tensor(68.5281, grad_fn=<UnbindBackward0>)","tensor(71.9065, grad_fn=<UnbindBackward0>)"
"tensor(36.2115, grad_fn=<UnbindBackward0>)","tensor(47.7852, grad_fn=<UnbindBackward0>)"
"tensor(75.6910, grad_fn=<UnbindBackward0>)","tensor(77.1395, grad_fn=<UnbindBackward0>)"
"tensor(38.4928, grad_fn=<UnbindBackward0>)","tensor(48.9361, grad_fn=<UnbindBackward0>)"
"tensor(58.8177, grad_fn=<UnbindBackward0>)","tensor(62.6090, grad_fn=<UnbindBackward0>)"
"tensor(75.9365, grad_fn=<UnbindBackward0>)","tensor(77.5818, grad_fn=<UnbindBackward0>)"
"tensor(53.4464, grad_fn=<UnbindBackward0>)","tensor(67.3675, grad_fn=<UnbindBackward0>)"
"tensor(39.3728, grad_fn=<UnbindBackward0>)","tensor(48.4199, grad_fn=<UnbindBackward0>)"
"tensor(41.9423, grad_fn=<UnbindBackward0>)","tensor(49.9651, grad_fn=<UnbindBackward0>)"
"tensor(67.7634, grad_fn=<UnbindBackward0>)","tensor(77.1610, grad_fn=<UnbindBackward0>)"
"tensor(57.4292, grad_fn=<UnbindBackward0>)","tensor(64.3359, grad_fn=<UnbindBackward0>)"
"tensor(65.3858, grad_fn=<UnbindBackward0>)","tensor(66.2979, grad_fn=<UnbindBackward0>)"
"tensor(48.6240, grad_fn=<UnbindBackward0>)","tensor(60.0514, grad_fn=<UnbindBackward0>)"
"tensor(70.0818, grad_fn=<UnbindBackward0>)","tensor(78.6050, grad_fn=<UnbindBackward0>)"
"tensor(62.8012, grad_fn=<UnbindBackward0>)","tensor(63.4653, grad_fn=<UnbindBackward0>)"
"tensor(48.6332, grad_fn=<UnbindBackward0>)","tensor(60.1697, grad_fn=<UnbindBackward0>)"
"tensor(77.4069, grad_fn=<UnbindBackward0>)","tensor(74.2310, grad_fn=<UnbindBackward0>)"
"tensor(59.7247, grad_fn=<UnbindBackward0>)","tensor(74.9033, grad_fn=<UnbindBackward0>)"
"tensor(39.7207, grad_fn=<UnbindBackward0>)","tensor(49.5238, grad_fn=<UnbindBackward0>)"
"tensor(35.8183, grad_fn=<UnbindBackward0>)","tensor(45.7359, grad_fn=<UnbindBackward0>)"
"tensor(38.3591, grad_fn=<UnbindBackward0>)","tensor(49.0513, grad_fn=<UnbindBackward0>)"
"tensor(76.1540, grad_fn=<UnbindBackward0>)","tensor(77.2057, grad_fn=<UnbindBackward0>)"
"tensor(76.2646, grad_fn=<UnbindBackward0>)","tensor(76.2396, grad_fn=<UnbindBackward0>)"
"tensor(75.9608, grad_fn=<UnbindBackward0>)","tensor(78.0592, grad_fn=<UnbindBackward0>)"
"tensor(76.7357, grad_fn=<UnbindBackward0>)","tensor(76.3552, grad_fn=<UnbindBackward0>)"
"tensor(75.5681, grad_fn=<UnbindBackward0>)","tensor(77.8236, grad_fn=<UnbindBackward0>)"
"tensor(75.2686, grad_fn=<UnbindBackward0>)","tensor(73.4238, grad_fn=<UnbindBackward0>)"
"tensor(49.0167, grad_fn=<UnbindBackward0>)","tensor(57.8470, grad_fn=<UnbindBackward0>)"
"tensor(44.4487, grad_fn=<UnbindBackward0>)","tensor(56.2525, grad_fn=<UnbindBackward0>)"
"tensor(39.5757, grad_fn=<UnbindBackward0>)","tensor(49.7773, grad_fn=<UnbindBackward0>)"
"tensor(74.1013, grad_fn=<UnbindBackward0>)","tensor(80.2950, grad_fn=<UnbindBackward0>)"
"tensor(75.2917, grad_fn=<UnbindBackward0>)","tensor(76.9819, grad_fn=<UnbindBackward0>)"
"tensor(51.8319, grad_fn=<UnbindBackward0>)","tensor(66.7677, grad_fn=<UnbindBackward0>)"
"tensor(73.4645, grad_fn=<UnbindBackward0>)","tensor(80.9523, grad_fn=<UnbindBackward0>)"
"tensor(72.7825, grad_fn=<UnbindBackward0>)","tensor(78.0950, grad_fn=<UnbindBackward0>)"
"tensor(55.1561, grad_fn=<UnbindBackward0>)","tensor(58.3835, grad_fn=<UnbindBackward0>)"
"tensor(72.7705, grad_fn=<UnbindBackward0>)","tensor(74.3958, grad_fn=<UnbindBackward0>)"
"tensor(76.4647, grad_fn=<UnbindBackward0>)","tensor(77.5066, grad_fn=<UnbindBackward0>)"
"tensor(76.6950, grad_fn=<UnbindBackward0>)","tensor(75.1184, grad_fn=<UnbindBackward0>)"
"tensor(56.4861, grad_fn=<UnbindBackward0>)","tensor(59.4731, grad_fn=<UnbindBackward0>)"
"tensor(74.8856, grad_fn=<UnbindBackward0>)","tensor(71.1053, grad_fn=<UnbindBackward0>)"
"tensor(55.3229, grad_fn=<UnbindBackward0>)","tensor(77.3607, grad_fn=<UnbindBackward0>)"
"tensor(49.4445, grad_fn=<UnbindBackward0>)","tensor(65.2657, grad_fn=<UnbindBackward0>)"
"tensor(51.8020, grad_fn=<UnbindBackward0>)","tensor(63.6424, grad_fn=<UnbindBackward0>)"
"tensor(76.2455, grad_fn=<UnbindBackward0>)","tensor(77.4243, grad_fn=<UnbindBackward0>)"
"tensor(36.7954, grad_fn=<UnbindBackward0>)","tensor(46.8639, grad_fn=<UnbindBackward0>)"
"tensor(64.3997, grad_fn=<UnbindBackward0>)","tensor(76.9151, grad_fn=<UnbindBackward0>)"
"tensor(56.5736, grad_fn=<UnbindBackward0>)","tensor(72.0781, grad_fn=<UnbindBackward0>)"
"tensor(60.6470, grad_fn=<UnbindBackward0>)","tensor(77.4579, grad_fn=<UnbindBackward0>)"
"tensor(40.6563, grad_fn=<UnbindBackward0>)","tensor(51.6122, grad_fn=<UnbindBackward0>)"
"tensor(43.2654, grad_fn=<UnbindBackward0>)","tensor(65.7748, grad_fn=<UnbindBackward0>)"
"tensor(39.1718, grad_fn=<UnbindBackward0>)","tensor(51.0628, grad_fn=<UnbindBackward0>)"
"tensor(39.2053, grad_fn=<UnbindBackward0>)","tensor(51.8814, grad_fn=<UnbindBackward0>)"
"tensor(49.9303, grad_fn=<UnbindBackward0>)","tensor(59.2603, grad_fn=<UnbindBackward0>)"
"tensor(39.8577, grad_fn=<UnbindBackward0>)","tensor(53.0638, grad_fn=<UnbindBackward0>)"
"tensor(67.4929, grad_fn=<UnbindBackward0>)","tensor(64.5262, grad_fn=<UnbindBackward0>)"
"tensor(70.0493, grad_fn=<UnbindBackward0>)","tensor(70.3362, grad_fn=<UnbindBackward0>)"
"tensor(36.6423, grad_fn=<UnbindBackward0>)","tensor(45.1472, grad_fn=<UnbindBackward0>)"
"tensor(65.1803, grad_fn=<UnbindBackward0>)","tensor(62.5756, grad_fn=<UnbindBackward0>)"
"tensor(57.4534, grad_fn=<UnbindBackward0>)","tensor(67.0816, grad_fn=<UnbindBackward0>)"
"tensor(31.7257, grad_fn=<UnbindBackward0>)","tensor(42.3783, grad_fn=<UnbindBackward0>)"
"tensor(60.4919, grad_fn=<UnbindBackward0>)","tensor(68.2823, grad_fn=<UnbindBackward0>)"
"tensor(76.6218, grad_fn=<UnbindBackward0>)","tensor(76.1391, grad_fn=<UnbindBackward0>)"
"tensor(55.7485, grad_fn=<UnbindBackward0>)","tensor(60.4507, grad_fn=<UnbindBackward0>)"
"tensor(76.2572, grad_fn=<UnbindBackward0>)","tensor(77.8714, grad_fn=<UnbindBackward0>)"
"tensor(60.1858, grad_fn=<UnbindBackward0>)","tensor(66.2774, grad_fn=<UnbindBackward0>)"
"tensor(76.8621, grad_fn=<UnbindBackward0>)","tensor(76.5160, grad_fn=<UnbindBackward0>)"
"tensor(76.2080, grad_fn=<UnbindBackward0>)","tensor(76.9812, grad_fn=<UnbindBackward0>)"
"tensor(61.2959, grad_fn=<UnbindBackward0>)","tensor(65.0785, grad_fn=<UnbindBackward0>)"
"tensor(67.1793, grad_fn=<UnbindBackward0>)","tensor(75.9120, grad_fn=<UnbindBackward0>)"
"tensor(53.1732, grad_fn=<UnbindBackward0>)","tensor(76.9414, grad_fn=<UnbindBackward0>)"
"tensor(59.2278, grad_fn=<UnbindBackward0>)","tensor(64.0343, grad_fn=<UnbindBackward0>)"
"tensor(36.9177, grad_fn=<UnbindBackward0>)","tensor(52.0848, grad_fn=<UnbindBackward0>)"
"tensor(52.0526, grad_fn=<UnbindBackward0>)","tensor(60.3861, grad_fn=<UnbindBackward0>)"
"tensor(76.2354, grad_fn=<UnbindBackward0>)","tensor(76.3905, grad_fn=<UnbindBackward0>)"
"tensor(68.2677, grad_fn=<UnbindBackward0>)","tensor(63.8879, grad_fn=<UnbindBackward0>)"
"tensor(45.4665, grad_fn=<UnbindBackward0>)","tensor(63.4423, grad_fn=<UnbindBackward0>)"
"tensor(47.7678, grad_fn=<UnbindBackward0>)","tensor(57.3135, grad_fn=<UnbindBackward0>)"
"tensor(55.1686, grad_fn=<UnbindBackward0>)","tensor(57.5931, grad_fn=<UnbindBackward0>)"
"tensor(76.1815, grad_fn=<UnbindBackward0>)","tensor(78.6273, grad_fn=<UnbindBackward0>)"
"tensor(56.6505, grad_fn=<UnbindBackward0>)","tensor(58.2755, grad_fn=<UnbindBackward0>)"
"tensor(76.0400, grad_fn=<UnbindBackward0>)","tensor(79.1163, grad_fn=<UnbindBackward0>)"
"tensor(72.4931, grad_fn=<UnbindBackward0>)","tensor(77.4236, grad_fn=<UnbindBackward0>)"
"tensor(59.1762, grad_fn=<UnbindBackward0>)","tensor(76.4159, grad_fn=<UnbindBackward0>)"
"tensor(72.8479, grad_fn=<UnbindBackward0>)","tensor(73.7631, grad_fn=<UnbindBackward0>)"
"tensor(77.0932, grad_fn=<UnbindBackward0>)","tensor(74.4997, grad_fn=<UnbindBackward0>)"
"tensor(76.5815, grad_fn=<UnbindBackward0>)","tensor(76.4338, grad_fn=<UnbindBackward0>)"
"tensor(63.4912, grad_fn=<UnbindBackward0>)","tensor(65.5199, grad_fn=<UnbindBackward0>)"
"tensor(36.5404, grad_fn=<UnbindBackward0>)","tensor(47.2956, grad_fn=<UnbindBackward0>)"
"tensor(70.3911, grad_fn=<UnbindBackward0>)","tensor(72.0771, grad_fn=<UnbindBackward0>)"
"tensor(66.6761, grad_fn=<UnbindBackward0>)","tensor(77.9590, grad_fn=<UnbindBackward0>)"
"tensor(52.3535, grad_fn=<UnbindBackward0>)","tensor(58.5726, grad_fn=<UnbindBackward0>)"
"tensor(77.4449, grad_fn=<UnbindBackward0>)","tensor(75.1176, grad_fn=<UnbindBackward0>)"
"tensor(66.3009, grad_fn=<UnbindBackward0>)","tensor(66.2730, grad_fn=<UnbindBackward0>)"
"tensor(76.4763, grad_fn=<UnbindBackward0>)","tensor(71.2936, grad_fn=<UnbindBackward0>)"
"tensor(36.9573, grad_fn=<UnbindBackward0>)","tensor(48.6927, grad_fn=<UnbindBackward0>)"
"tensor(76.0008, grad_fn=<UnbindBackward0>)","tensor(77.1827, grad_fn=<UnbindBackward0>)"
"tensor(39.0488, grad_fn=<UnbindBackward0>)","tensor(46.1666, grad_fn=<UnbindBackward0>)"
"tensor(76.2255, grad_fn=<UnbindBackward0>)","tensor(76.6868, grad_fn=<UnbindBackward0>)"
"tensor(75.2317, grad_fn=<UnbindBackward0>)","tensor(72.4790, grad_fn=<UnbindBackward0>)"
"tensor(32.9242, grad_fn=<UnbindBackward0>)","tensor(42.7481, grad_fn=<UnbindBackward0>)"
"tensor(41.0750, grad_fn=<UnbindBackward0>)","tensor(51.3780, grad_fn=<UnbindBackward0>)"
"tensor(57.2002, grad_fn=<UnbindBackward0>)","tensor(59.0834, grad_fn=<UnbindBackward0>)"
"tensor(37.6801, grad_fn=<UnbindBackward0>)","tensor(47.8651, grad_fn=<UnbindBackward0>)"
"tensor(46.5604, grad_fn=<UnbindBackward0>)","tensor(71.0918, grad_fn=<UnbindBackward0>)"
"tensor(54.6001, grad_fn=<UnbindBackward0>)","tensor(66.5089, grad_fn=<UnbindBackward0>)"
"tensor(46.7516, grad_fn=<UnbindBackward0>)","tensor(69.4713, grad_fn=<UnbindBackward0>)"
"tensor(47.8204, grad_fn=<UnbindBackward0>)","tensor(56.2950, grad_fn=<UnbindBackward0>)"
"tensor(75.6135, grad_fn=<UnbindBackward0>)","tensor(69.9892, grad_fn=<UnbindBackward0>)"
"tensor(69.9678, grad_fn=<UnbindBackward0>)","tensor(75.0338, grad_fn=<UnbindBackward0>)"
"tensor(74.5162, grad_fn=<UnbindBackward0>)","tensor(74.5320, grad_fn=<UnbindBackward0>)"
"tensor(63.0588, grad_fn=<UnbindBackward0>)","tensor(78.7410, grad_fn=<UnbindBackward0>)"
"tensor(72.5302, grad_fn=<UnbindBackward0>)","tensor(77.4552, grad_fn=<UnbindBackward0>)"
"tensor(56.5395, grad_fn=<UnbindBackward0>)","tensor(70.6313, grad_fn=<UnbindBackward0>)"
"tensor(67.7082, grad_fn=<UnbindBackward0>)","tensor(78.7405, grad_fn=<UnbindBackward0>)"
"tensor(76.4781, grad_fn=<UnbindBackward0>)","tensor(75.0168, grad_fn=<UnbindBackward0>)"
"tensor(76.7530, grad_fn=<UnbindBackward0>)","tensor(75.0352, grad_fn=<UnbindBackward0>)"
"tensor(50.3638, grad_fn=<UnbindBackward0>)","tensor(61.5987, grad_fn=<UnbindBackward0>)"
"tensor(71.6026, grad_fn=<UnbindBackward0>)","tensor(68.1971, grad_fn=<UnbindBackward0>)"
"tensor(40.9728, grad_fn=<UnbindBackward0>)","tensor(53.2424, grad_fn=<UnbindBackward0>)"
"tensor(76.5616, grad_fn=<UnbindBackward0>)","tensor(77.0562, grad_fn=<UnbindBackward0>)"
"tensor(76.0173, grad_fn=<UnbindBackward0>)","tensor(76.6391, grad_fn=<UnbindBackward0>)"
"tensor(37.3390, grad_fn=<UnbindBackward0>)","tensor(44.9624, grad_fn=<UnbindBackward0>)"
"tensor(38.1018, grad_fn=<UnbindBackward0>)","tensor(53.5367, grad_fn=<UnbindBackward0>)"
"tensor(33.9749, grad_fn=<UnbindBackward0>)","tensor(44.7160, grad_fn=<UnbindBackward0>)"
"tensor(55.1371, grad_fn=<UnbindBackward0>)","tensor(70.4235, grad_fn=<UnbindBackward0>)"
"tensor(51.4661, grad_fn=<UnbindBackward0>)","tensor(70.9275, grad_fn=<UnbindBackward0>)"
"tensor(32.7941, grad_fn=<UnbindBackward0>)","tensor(39.0624, grad_fn=<UnbindBackward0>)"
"tensor(44.1469, grad_fn=<UnbindBackward0>)","tensor(54.3771, grad_fn=<UnbindBackward0>)"
"tensor(55.6571, grad_fn=<UnbindBackward0>)","tensor(61.7117, grad_fn=<UnbindBackward0>)"
"tensor(48.7492, grad_fn=<UnbindBackward0>)","tensor(67.4680, grad_fn=<UnbindBackward0>)"
"tensor(52.1096, grad_fn=<UnbindBackward0>)","tensor(72.2530, grad_fn=<UnbindBackward0>)"
"tensor(34.6893, grad_fn=<UnbindBackward0>)","tensor(44.1814, grad_fn=<UnbindBackward0>)"
"tensor(44.5362, grad_fn=<UnbindBackward0>)","tensor(57.6415, grad_fn=<UnbindBackward0>)"
"tensor(45.8499, grad_fn=<UnbindBackward0>)","tensor(69.3444, grad_fn=<UnbindBackward0>)"
"tensor(54.8612, grad_fn=<UnbindBackward0>)","tensor(69.1573, grad_fn=<UnbindBackward0>)"
"tensor(69.5146, grad_fn=<UnbindBackward0>)","tensor(75.1422, grad_fn=<UnbindBackward0>)"
"tensor(57.9358, grad_fn=<UnbindBackward0>)","tensor(63.5623, grad_fn=<UnbindBackward0>)"
"tensor(73.9274, grad_fn=<UnbindBackward0>)","tensor(73.2669, grad_fn=<UnbindBackward0>)"
"tensor(57.4265, grad_fn=<UnbindBackward0>)","tensor(68.8908, grad_fn=<UnbindBackward0>)"
"tensor(31.0568, grad_fn=<UnbindBackward0>)","tensor(42.5744, grad_fn=<UnbindBackward0>)"
"tensor(70.7142, grad_fn=<UnbindBackward0>)","tensor(78.0245, grad_fn=<UnbindBackward0>)"
"tensor(61.8303, grad_fn=<UnbindBackward0>)","tensor(68.8076, grad_fn=<UnbindBackward0>)"
"tensor(72.9941, grad_fn=<UnbindBackward0>)","tensor(72.9037, grad_fn=<UnbindBackward0>)"
"tensor(46.2294, grad_fn=<UnbindBackward0>)","tensor(57.6087, grad_fn=<UnbindBackward0>)"
"tensor(38.2230, grad_fn=<UnbindBackward0>)","tensor(48.5914, grad_fn=<UnbindBackward0>)"
"tensor(76.3126, grad_fn=<UnbindBackward0>)","tensor(76.3244, grad_fn=<UnbindBackward0>)"
"tensor(65.7277, grad_fn=<UnbindBackward0>)","tensor(77.2872, grad_fn=<UnbindBackward0>)"
"tensor(45.8428, grad_fn=<UnbindBackward0>)","tensor(67.9928, grad_fn=<UnbindBackward0>)"
"tensor(36.3187, grad_fn=<UnbindBackward0>)","tensor(46.2007, grad_fn=<UnbindBackward0>)"
"tensor(53.8728, grad_fn=<UnbindBackward0>)","tensor(66.2542, grad_fn=<UnbindBackward0>)"
"tensor(49.2807, grad_fn=<UnbindBackward0>)","tensor(64.3325, grad_fn=<UnbindBackward0>)"
"tensor(55.7622, grad_fn=<UnbindBackward0>)","tensor(66.6875, grad_fn=<UnbindBackward0>)"
"tensor(75.5030, grad_fn=<UnbindBackward0>)","tensor(76.9658, grad_fn=<UnbindBackward0>)"
"tensor(52.0518, grad_fn=<UnbindBackward0>)","tensor(70.5058, grad_fn=<UnbindBackward0>)"
"tensor(51.5327, grad_fn=<UnbindBackward0>)","tensor(68.5997, grad_fn=<UnbindBackward0>)"
"tensor(61.2256, grad_fn=<UnbindBackward0>)","tensor(67.8877, grad_fn=<UnbindBackward0>)"
"tensor(62.1108, grad_fn=<UnbindBackward0>)","tensor(77.4585, grad_fn=<UnbindBackward0>)"
"tensor(66.6278, grad_fn=<UnbindBackward0>)","tensor(76.9629, grad_fn=<UnbindBackward0>)"
"tensor(75.9927, grad_fn=<UnbindBackward0>)","tensor(76.5534, grad_fn=<UnbindBackward0>)"
"tensor(56.9498, grad_fn=<UnbindBackward0>)","tensor(68.9902, grad_fn=<UnbindBackward0>)"
"tensor(48.1598, grad_fn=<UnbindBackward0>)","tensor(59.5399, grad_fn=<UnbindBackward0>)"
"tensor(76.5856, grad_fn=<UnbindBackward0>)","tensor(76.3384, grad_fn=<UnbindBackward0>)"
"tensor(53.5158, grad_fn=<UnbindBackward0>)","tensor(69.3958, grad_fn=<UnbindBackward0>)"
"tensor(41.0154, grad_fn=<UnbindBackward0>)","tensor(49.4859, grad_fn=<UnbindBackward0>)"
"tensor(52.5193, grad_fn=<UnbindBackward0>)","tensor(60.3984, grad_fn=<UnbindBackward0>)"
"tensor(74.0948, grad_fn=<UnbindBackward0>)","tensor(73.0045, grad_fn=<UnbindBackward0>)"
"tensor(72.1584, grad_fn=<UnbindBackward0>)","tensor(71.3253, grad_fn=<UnbindBackward0>)"
"tensor(75.7960, grad_fn=<UnbindBackward0>)","tensor(74.3679, grad_fn=<UnbindBackward0>)"
"tensor(70.2966, grad_fn=<UnbindBackward0>)","tensor(77.2957, grad_fn=<UnbindBackward0>)"
"tensor(50.5586, grad_fn=<UnbindBackward0>)","tensor(66.5060, grad_fn=<UnbindBackward0>)"
"tensor(46.1615, grad_fn=<UnbindBackward0>)","tensor(61.8807, grad_fn=<UnbindBackward0>)"
"tensor(56.3393, grad_fn=<UnbindBackward0>)","tensor(64.8653, grad_fn=<UnbindBackward0>)"
"tensor(63.0022, grad_fn=<UnbindBackward0>)","tensor(66.2471, grad_fn=<UnbindBackward0>)"
"tensor(52.6234, grad_fn=<UnbindBackward0>)","tensor(70.1765, grad_fn=<UnbindBackward0>)"
"tensor(49.0571, grad_fn=<UnbindBackward0>)","tensor(60.0224, grad_fn=<UnbindBackward0>)"
"tensor(72.5164, grad_fn=<UnbindBackward0>)","tensor(69.0392, grad_fn=<UnbindBackward0>)"
"tensor(59.2814, grad_fn=<UnbindBackward0>)","tensor(58.8904, grad_fn=<UnbindBackward0>)"
"tensor(40.3826, grad_fn=<UnbindBackward0>)","tensor(51.5585, grad_fn=<UnbindBackward0>)"
"tensor(51.8924, grad_fn=<UnbindBackward0>)","tensor(73.5085, grad_fn=<UnbindBackward0>)"
"tensor(61.2356, grad_fn=<UnbindBackward0>)","tensor(75.6243, grad_fn=<UnbindBackward0>)"
"tensor(33.2802, grad_fn=<UnbindBackward0>)","tensor(41.5205, grad_fn=<UnbindBackward0>)"
"tensor(77.2278, grad_fn=<UnbindBackward0>)","tensor(74.0099, grad_fn=<UnbindBackward0>)"
"tensor(45.4941, grad_fn=<UnbindBackward0>)","tensor(68.1513, grad_fn=<UnbindBackward0>)"
"tensor(43.4279, grad_fn=<UnbindBackward0>)","tensor(62.5779, grad_fn=<UnbindBackward0>)"
"tensor(40.9927, grad_fn=<UnbindBackward0>)","tensor(49.7240, grad_fn=<UnbindBackward0>)"
"tensor(35.6109, grad_fn=<UnbindBackward0>)","tensor(44.7486, grad_fn=<UnbindBackward0>)"
"tensor(54.7408, grad_fn=<UnbindBackward0>)","tensor(64.4905, grad_fn=<UnbindBackward0>)"
"tensor(76.9205, grad_fn=<UnbindBackward0>)","tensor(75.9865, grad_fn=<UnbindBackward0>)"
"tensor(42.7353, grad_fn=<UnbindBackward0>)","tensor(52.6981, grad_fn=<UnbindBackward0>)"
"tensor(76.9616, grad_fn=<UnbindBackward0>)","tensor(76.1881, grad_fn=<UnbindBackward0>)"
"tensor(52.4510, grad_fn=<UnbindBackward0>)","tensor(65.6050, grad_fn=<UnbindBackward0>)"
"tensor(49.3978, grad_fn=<UnbindBackward0>)","tensor(61.5010, grad_fn=<UnbindBackward0>)"
"tensor(76.5518, grad_fn=<UnbindBackward0>)","tensor(70.7924, grad_fn=<UnbindBackward0>)"
"tensor(67.3024, grad_fn=<UnbindBackward0>)","tensor(66.3197, grad_fn=<UnbindBackward0>)"
"tensor(51.6180, grad_fn=<UnbindBackward0>)","tensor(66.2829, grad_fn=<UnbindBackward0>)"
"tensor(42.9487, grad_fn=<UnbindBackward0>)","tensor(56.1212, grad_fn=<UnbindBackward0>)"
"tensor(59.1187, grad_fn=<UnbindBackward0>)","tensor(58.3728, grad_fn=<UnbindBackward0>)"
"tensor(49.7694, grad_fn=<UnbindBackward0>)","tensor(56.7961, grad_fn=<UnbindBackward0>)"
"tensor(42.7354, grad_fn=<UnbindBackward0>)","tensor(56.5603, grad_fn=<UnbindBackward0>)"
"tensor(51.3057, grad_fn=<UnbindBackward0>)","tensor(61.1679, grad_fn=<UnbindBackward0>)"
"tensor(45.4892, grad_fn=<UnbindBackward0>)","tensor(55.2622, grad_fn=<UnbindBackward0>)"
"tensor(31.5738, grad_fn=<UnbindBackward0>)","tensor(39.9149, grad_fn=<UnbindBackward0>)"
"tensor(70.0029, grad_fn=<UnbindBackward0>)","tensor(77.5710, grad_fn=<UnbindBackward0>)"
"tensor(47.3617, grad_fn=<UnbindBackward0>)","tensor(67.7520, grad_fn=<UnbindBackward0>)"
"tensor(47.7856, grad_fn=<UnbindBackward0>)","tensor(58.2831, grad_fn=<UnbindBackward0>)"
"tensor(75.9309, grad_fn=<UnbindBackward0>)","tensor(77.7732, grad_fn=<UnbindBackward0>)"
"tensor(33.5300, grad_fn=<UnbindBackward0>)","tensor(41.6487, grad_fn=<UnbindBackward0>)"
"tensor(33.2843, grad_fn=<UnbindBackward0>)","tensor(42.8674, grad_fn=<UnbindBackward0>)"
"tensor(37.3173, grad_fn=<UnbindBackward0>)","tensor(48.2351, grad_fn=<UnbindBackward0>)"
"tensor(30.6915, grad_fn=<UnbindBackward0>)","tensor(41.1653, grad_fn=<UnbindBackward0>)"
"tensor(48.8758, grad_fn=<UnbindBackward0>)","tensor(58.9437, grad_fn=<UnbindBackward0>)"
"tensor(57.6381, grad_fn=<UnbindBackward0>)","tensor(73.3793, grad_fn=<UnbindBackward0>)"
"tensor(73.0220, grad_fn=<UnbindBackward0>)","tensor(73.1381, grad_fn=<UnbindBackward0>)"
"tensor(66.6065, grad_fn=<UnbindBackward0>)","tensor(78.9793, grad_fn=<UnbindBackward0>)"
"tensor(53.7619, grad_fn=<UnbindBackward0>)","tensor(59.7379, grad_fn=<UnbindBackward0>)"
"tensor(43.1049, grad_fn=<UnbindBackward0>)","tensor(53.4977, grad_fn=<UnbindBackward0>)"
"tensor(51.7730, grad_fn=<UnbindBackward0>)","tensor(74.0938, grad_fn=<UnbindBackward0>)"
"tensor(55.1130, grad_fn=<UnbindBackward0>)","tensor(66.1630, grad_fn=<UnbindBackward0>)"
"tensor(76.4738, grad_fn=<UnbindBackward0>)","tensor(76.5664, grad_fn=<UnbindBackward0>)"
"tensor(64.6330, grad_fn=<UnbindBackward0>)","tensor(66.8321, grad_fn=<UnbindBackward0>)"
"tensor(63.8138, grad_fn=<UnbindBackward0>)","tensor(77.9735, grad_fn=<UnbindBackward0>)"
"tensor(51.7385, grad_fn=<UnbindBackward0>)","tensor(79.3521, grad_fn=<UnbindBackward0>)"
"tensor(40.2597, grad_fn=<UnbindBackward0>)","tensor(49.2908, grad_fn=<UnbindBackward0>)"
"tensor(76.1018, grad_fn=<UnbindBackward0>)","tensor(77.1142, grad_fn=<UnbindBackward0>)"
"tensor(65.9623, grad_fn=<UnbindBackward0>)","tensor(78.7795, grad_fn=<UnbindBackward0>)"
"tensor(57.4753, grad_fn=<UnbindBackward0>)","tensor(59.1694, grad_fn=<UnbindBackward0>)"
"tensor(49.5458, grad_fn=<UnbindBackward0>)","tensor(73.0554, grad_fn=<UnbindBackward0>)"
"tensor(74.3106, grad_fn=<UnbindBackward0>)","tensor(74.2965, grad_fn=<UnbindBackward0>)"
"tensor(72.0033, grad_fn=<UnbindBackward0>)","tensor(72.7357, grad_fn=<UnbindBackward0>)"
"tensor(61.2552, grad_fn=<UnbindBackward0>)","tensor(75.5979, grad_fn=<UnbindBackward0>)"
"tensor(50.7585, grad_fn=<UnbindBackward0>)","tensor(60.5438, grad_fn=<UnbindBackward0>)"
"tensor(40.6237, grad_fn=<UnbindBackward0>)","tensor(50.3659, grad_fn=<UnbindBackward0>)"
"tensor(47.7454, grad_fn=<UnbindBackward0>)","tensor(55.8863, grad_fn=<UnbindBackward0>)"
"tensor(34.0076, grad_fn=<UnbindBackward0>)","tensor(41.3638, grad_fn=<UnbindBackward0>)"
"tensor(36.6754, grad_fn=<UnbindBackward0>)","tensor(45.8153, grad_fn=<UnbindBackward0>)"
"tensor(37.9967, grad_fn=<UnbindBackward0>)","tensor(47.2193, grad_fn=<UnbindBackward0>)"
"tensor(37.9889, grad_fn=<UnbindBackward0>)","tensor(49.0874, grad_fn=<UnbindBackward0>)"
"tensor(39.8537, grad_fn=<UnbindBackward0>)","tensor(51.4033, grad_fn=<UnbindBackward0>)"
"tensor(66.6901, grad_fn=<UnbindBackward0>)","tensor(73.3367, grad_fn=<UnbindBackward0>)"
"tensor(54.8518, grad_fn=<UnbindBackward0>)","tensor(78.1203, grad_fn=<UnbindBackward0>)"
"tensor(76.5594, grad_fn=<UnbindBackward0>)","tensor(75.4178, grad_fn=<UnbindBackward0>)"
"tensor(40.2382, grad_fn=<UnbindBackward0>)","tensor(50.0812, grad_fn=<UnbindBackward0>)"
"tensor(68.3346, grad_fn=<UnbindBackward0>)","tensor(80.5857, grad_fn=<UnbindBackward0>)"
"tensor(51.3097, grad_fn=<UnbindBackward0>)","tensor(62.3113, grad_fn=<UnbindBackward0>)"
"tensor(60.5236, grad_fn=<UnbindBackward0>)","tensor(60.2250, grad_fn=<UnbindBackward0>)"
"tensor(63.8843, grad_fn=<UnbindBackward0>)","tensor(65.2655, grad_fn=<UnbindBackward0>)"
"tensor(76.2532, grad_fn=<UnbindBackward0>)","tensor(76.9641, grad_fn=<UnbindBackward0>)"
"tensor(39.0393, grad_fn=<UnbindBackward0>)","tensor(51.3996, grad_fn=<UnbindBackward0>)"
"tensor(76.9881, grad_fn=<UnbindBackward0>)","tensor(75.9146, grad_fn=<UnbindBackward0>)"
"tensor(74.6959, grad_fn=<UnbindBackward0>)","tensor(69.7595, grad_fn=<UnbindBackward0>)"
"tensor(42.1278, grad_fn=<UnbindBackward0>)","tensor(51.7279, grad_fn=<UnbindBackward0>)"
"tensor(37.2119, grad_fn=<UnbindBackward0>)","tensor(43.1614, grad_fn=<UnbindBackward0>)"
"tensor(50.6168, grad_fn=<UnbindBackward0>)","tensor(62.8421, grad_fn=<UnbindBackward0>)"
"tensor(75.7593, grad_fn=<UnbindBackward0>)","tensor(80.5748, grad_fn=<UnbindBackward0>)"
"tensor(35.6574, grad_fn=<UnbindBackward0>)","tensor(46.2823, grad_fn=<UnbindBackward0>)"
"tensor(68.8083, grad_fn=<UnbindBackward0>)","tensor(77.9485, grad_fn=<UnbindBackward0>)"
"tensor(71.6056, grad_fn=<UnbindBackward0>)","tensor(77.2963, grad_fn=<UnbindBackward0>)"
"tensor(50.0131, grad_fn=<UnbindBackward0>)","tensor(60.3037, grad_fn=<UnbindBackward0>)"
"tensor(56.6272, grad_fn=<UnbindBackward0>)","tensor(66.3657, grad_fn=<UnbindBackward0>)"
"tensor(76.9064, grad_fn=<UnbindBackward0>)","tensor(75.4866, grad_fn=<UnbindBackward0>)"
"tensor(71.7666, grad_fn=<UnbindBackward0>)","tensor(69.1626, grad_fn=<UnbindBackward0>)"
"tensor(42.9054, grad_fn=<UnbindBackward0>)","tensor(53.8228, grad_fn=<UnbindBackward0>)"
"tensor(70.5660, grad_fn=<UnbindBackward0>)","tensor(76.3315, grad_fn=<UnbindBackward0>)"
"tensor(57.4972, grad_fn=<UnbindBackward0>)","tensor(57.3256, grad_fn=<UnbindBackward0>)"
"tensor(73.6729, grad_fn=<UnbindBackward0>)","tensor(79.9387, grad_fn=<UnbindBackward0>)"
"tensor(73.0607, grad_fn=<UnbindBackward0>)","tensor(78.8554, grad_fn=<UnbindBackward0>)"
"tensor(76.6765, grad_fn=<UnbindBackward0>)","tensor(76.3633, grad_fn=<UnbindBackward0>)"
"tensor(76.8432, grad_fn=<UnbindBackward0>)","tensor(76.1942, grad_fn=<UnbindBackward0>)"
"tensor(72.8554, grad_fn=<UnbindBackward0>)","tensor(70.7508, grad_fn=<UnbindBackward0>)"
"tensor(38.9907, grad_fn=<UnbindBackward0>)","tensor(49.2388, grad_fn=<UnbindBackward0>)"
"tensor(73.6920, grad_fn=<UnbindBackward0>)","tensor(68.6060, grad_fn=<UnbindBackward0>)"
"tensor(50.2390, grad_fn=<UnbindBackward0>)","tensor(72.1388, grad_fn=<UnbindBackward0>)"
"tensor(74.9461, grad_fn=<UnbindBackward0>)","tensor(78.5050, grad_fn=<UnbindBackward0>)"
"tensor(76.1787, grad_fn=<UnbindBackward0>)","tensor(74.9338, grad_fn=<UnbindBackward0>)"
"tensor(75.5162, grad_fn=<UnbindBackward0>)","tensor(77.8340, grad_fn=<UnbindBackward0>)"
"tensor(72.9188, grad_fn=<UnbindBackward0>)","tensor(69.1018, grad_fn=<UnbindBackward0>)"
"tensor(76.8548, grad_fn=<UnbindBackward0>)","tensor(75.4045, grad_fn=<UnbindBackward0>)"
"tensor(49.3282, grad_fn=<UnbindBackward0>)","tensor(72.6956, grad_fn=<UnbindBackward0>)"
"tensor(36.3032, grad_fn=<UnbindBackward0>)","tensor(45.0660, grad_fn=<UnbindBackward0>)"
"tensor(32.6956, grad_fn=<UnbindBackward0>)","tensor(42.8806, grad_fn=<UnbindBackward0>)"
"tensor(48.8715, grad_fn=<UnbindBackward0>)","tensor(62.8697, grad_fn=<UnbindBackward0>)"
"tensor(52.3381, grad_fn=<UnbindBackward0>)","tensor(62.2743, grad_fn=<UnbindBackward0>)"
"tensor(76.5737, grad_fn=<UnbindBackward0>)","tensor(75.8106, grad_fn=<UnbindBackward0>)"
"tensor(70.1730, grad_fn=<UnbindBackward0>)","tensor(75.4290, grad_fn=<UnbindBackward0>)"
"tensor(39.3106, grad_fn=<UnbindBackward0>)","tensor(49.4096, grad_fn=<UnbindBackward0>)"
"tensor(74.4157, grad_fn=<UnbindBackward0>)","tensor(79.8052, grad_fn=<UnbindBackward0>)"
"tensor(60.3444, grad_fn=<UnbindBackward0>)","tensor(66.7161, grad_fn=<UnbindBackward0>)"
"tensor(74.5471, grad_fn=<UnbindBackward0>)","tensor(77.1883, grad_fn=<UnbindBackward0>)"
"tensor(77.0431, grad_fn=<UnbindBackward0>)","tensor(75.2615, grad_fn=<UnbindBackward0>)"
"tensor(49.6893, grad_fn=<UnbindBackward0>)","tensor(55.1634, grad_fn=<UnbindBackward0>)"
"tensor(67.0182, grad_fn=<UnbindBackward0>)","tensor(64.0952, grad_fn=<UnbindBackward0>)"
"tensor(37.0759, grad_fn=<UnbindBackward0>)","tensor(48.0509, grad_fn=<UnbindBackward0>)"
"tensor(47.8155, grad_fn=<UnbindBackward0>)","tensor(57.6816, grad_fn=<UnbindBackward0>)"
"tensor(76.8993, grad_fn=<UnbindBackward0>)","tensor(75.0157, grad_fn=<UnbindBackward0>)"
"tensor(40.1872, grad_fn=<UnbindBackward0>)","tensor(51.2673, grad_fn=<UnbindBackward0>)"
"tensor(49.0667, grad_fn=<UnbindBackward0>)","tensor(75.0876, grad_fn=<UnbindBackward0>)"
"tensor(72.9410, grad_fn=<UnbindBackward0>)","tensor(76.5670, grad_fn=<UnbindBackward0>)"
"tensor(37.0469, grad_fn=<UnbindBackward0>)","tensor(47.7547, grad_fn=<UnbindBackward0>)"
"tensor(54.5640, grad_fn=<UnbindBackward0>)","tensor(62.1648, grad_fn=<UnbindBackward0>)"
"tensor(34.0210, grad_fn=<UnbindBackward0>)","tensor(44.3868, grad_fn=<UnbindBackward0>)"
"tensor(43.4543, grad_fn=<UnbindBackward0>)","tensor(66.4815, grad_fn=<UnbindBackward0>)"
"tensor(71.8798, grad_fn=<UnbindBackward0>)","tensor(78.0180, grad_fn=<UnbindBackward0>)"
"tensor(56.8346, grad_fn=<UnbindBackward0>)","tensor(57.1741, grad_fn=<UnbindBackward0>)"
"tensor(31.2364, grad_fn=<UnbindBackward0>)","tensor(43.2207, grad_fn=<UnbindBackward0>)"
"tensor(76.7526, grad_fn=<UnbindBackward0>)","tensor(75.8107, grad_fn=<UnbindBackward0>)"
"tensor(63.6652, grad_fn=<UnbindBackward0>)","tensor(77.3924, grad_fn=<UnbindBackward0>)"
"tensor(29.7374, grad_fn=<UnbindBackward0>)","tensor(40.8697, grad_fn=<UnbindBackward0>)"
"tensor(56.8760, grad_fn=<UnbindBackward0>)","tensor(70.4371, grad_fn=<UnbindBackward0>)"
"tensor(64.5376, grad_fn=<UnbindBackward0>)","tensor(72.7332, grad_fn=<UnbindBackward0>)"
"tensor(42.9159, grad_fn=<UnbindBackward0>)","tensor(55.0318, grad_fn=<UnbindBackward0>)"
"tensor(53.8904, grad_fn=<UnbindBackward0>)","tensor(66.3566, grad_fn=<UnbindBackward0>)"
"tensor(75.8052, grad_fn=<UnbindBackward0>)","tensor(76.8674, grad_fn=<UnbindBackward0>)"
"tensor(57.8934, grad_fn=<UnbindBackward0>)","tensor(69.4423, grad_fn=<UnbindBackward0>)"
"tensor(54.5957, grad_fn=<UnbindBackward0>)","tensor(70.4698, grad_fn=<UnbindBackward0>)"
"tensor(76.4135, grad_fn=<UnbindBackward0>)","tensor(76.6012, grad_fn=<UnbindBackward0>)"
"tensor(76.3019, grad_fn=<UnbindBackward0>)","tensor(75.4952, grad_fn=<UnbindBackward0>)"
"tensor(77.0788, grad_fn=<UnbindBackward0>)","tensor(75.4103, grad_fn=<UnbindBackward0>)"
"tensor(68.1464, grad_fn=<UnbindBackward0>)","tensor(66.5620, grad_fn=<UnbindBackward0>)"
"tensor(76.2732, grad_fn=<UnbindBackward0>)","tensor(75.9496, grad_fn=<UnbindBackward0>)"
"tensor(36.7293, grad_fn=<UnbindBackward0>)","tensor(46.0597, grad_fn=<UnbindBackward0>)"
"tensor(49.0467, grad_fn=<UnbindBackward0>)","tensor(71.6473, grad_fn=<UnbindBackward0>)"
"tensor(75.7297, grad_fn=<UnbindBackward0>)","tensor(77.0463, grad_fn=<UnbindBackward0>)"
"tensor(60.9970, grad_fn=<UnbindBackward0>)","tensor(77.7546, grad_fn=<UnbindBackward0>)"
"tensor(45.9623, grad_fn=<UnbindBackward0>)","tensor(56.5014, grad_fn=<UnbindBackward0>)"
"tensor(63.4247, grad_fn=<UnbindBackward0>)","tensor(78.3937, grad_fn=<UnbindBackward0>)"
"tensor(35.2252, grad_fn=<UnbindBackward0>)","tensor(44.6048, grad_fn=<UnbindBackward0>)"
"tensor(54.7766, grad_fn=<UnbindBackward0>)","tensor(65.1743, grad_fn=<UnbindBackward0>)"
"tensor(45.6511, grad_fn=<UnbindBackward0>)","tensor(52.4651, grad_fn=<UnbindBackward0>)"
"tensor(48.5745, grad_fn=<UnbindBackward0>)","tensor(57.5522, grad_fn=<UnbindBackward0>)"
"tensor(68.5345, grad_fn=<UnbindBackward0>)","tensor(75.6586, grad_fn=<UnbindBackward0>)"
"tensor(76.6495, grad_fn=<UnbindBackward0>)","tensor(76.4672, grad_fn=<UnbindBackward0>)"
"tensor(75.1500, grad_fn=<UnbindBackward0>)","tensor(75.1566, grad_fn=<UnbindBackward0>)"
"tensor(66.1937, grad_fn=<UnbindBackward0>)","tensor(65.1239, grad_fn=<UnbindBackward0>)"
"tensor(61.4562, grad_fn=<UnbindBackward0>)","tensor(61.7858, grad_fn=<UnbindBackward0>)"
"tensor(76.2688, grad_fn=<UnbindBackward0>)","tensor(78.5192, grad_fn=<UnbindBackward0>)"
"tensor(53.0219, grad_fn=<UnbindBackward0>)","tensor(67.4823, grad_fn=<UnbindBackward0>)"
"tensor(63.0213, grad_fn=<UnbindBackward0>)","tensor(72.2000, grad_fn=<UnbindBackward0>)"
"tensor(57.8861, grad_fn=<UnbindBackward0>)","tensor(63.7581, grad_fn=<UnbindBackward0>)"
"tensor(65.9947, grad_fn=<UnbindBackward0>)","tensor(76.6513, grad_fn=<UnbindBackward0>)"
"tensor(39.7270, grad_fn=<UnbindBackward0>)","tensor(46.2285, grad_fn=<UnbindBackward0>)"
"tensor(51.0934, grad_fn=<UnbindBackward0>)","tensor(65.0995, grad_fn=<UnbindBackward0>)"
"tensor(76.0807, grad_fn=<UnbindBackward0>)","tensor(77.4718, grad_fn=<UnbindBackward0>)"
"tensor(76.4714, grad_fn=<UnbindBackward0>)","tensor(77.1780, grad_fn=<UnbindBackward0>)"
"tensor(38.6346, grad_fn=<UnbindBackward0>)","tensor(50.6495, grad_fn=<UnbindBackward0>)"
"tensor(76.5534, grad_fn=<UnbindBackward0>)","tensor(77.6526, grad_fn=<UnbindBackward0>)"
"tensor(76.3350, grad_fn=<UnbindBackward0>)","tensor(76.6669, grad_fn=<UnbindBackward0>)"
"tensor(37.1899, grad_fn=<UnbindBackward0>)","tensor(49.7918, grad_fn=<UnbindBackward0>)"
"tensor(76.3356, grad_fn=<UnbindBackward0>)","tensor(76.0541, grad_fn=<UnbindBackward0>)"
"tensor(76.4347, grad_fn=<UnbindBackward0>)","tensor(72.0992, grad_fn=<UnbindBackward0>)"
"tensor(67.8970, grad_fn=<UnbindBackward0>)","tensor(77.2473, grad_fn=<UnbindBackward0>)"
"tensor(76.7417, grad_fn=<UnbindBackward0>)","tensor(76.5829, grad_fn=<UnbindBackward0>)"
"tensor(76.7834, grad_fn=<UnbindBackward0>)","tensor(75.9098, grad_fn=<UnbindBackward0>)"
"tensor(36.6753, grad_fn=<UnbindBackward0>)","tensor(45.1022, grad_fn=<UnbindBackward0>)"
"tensor(37.4464, grad_fn=<UnbindBackward0>)","tensor(45.2119, grad_fn=<UnbindBackward0>)"
"tensor(63.3693, grad_fn=<UnbindBackward0>)","tensor(63.9537, grad_fn=<UnbindBackward0>)"
"tensor(69.6337, grad_fn=<UnbindBackward0>)","tensor(77.5605, grad_fn=<UnbindBackward0>)"
"tensor(74.1730, grad_fn=<UnbindBackward0>)","tensor(79.1510, grad_fn=<UnbindBackward0>)"
"tensor(76.5308, grad_fn=<UnbindBackward0>)","tensor(77.5765, grad_fn=<UnbindBackward0>)"
"tensor(76.0038, grad_fn=<UnbindBackward0>)","tensor(76.6543, grad_fn=<UnbindBackward0>)"
"tensor(74.6600, grad_fn=<UnbindBackward0>)","tensor(81.8931, grad_fn=<UnbindBackward0>)"
"tensor(55.3525, grad_fn=<UnbindBackward0>)","tensor(64.6545, grad_fn=<UnbindBackward0>)"
"tensor(53.5934, grad_fn=<UnbindBackward0>)","tensor(68.4248, grad_fn=<UnbindBackward0>)"
"tensor(64.5514, grad_fn=<UnbindBackward0>)","tensor(77.9982, grad_fn=<UnbindBackward0>)"
"tensor(74.9786, grad_fn=<UnbindBackward0>)","tensor(76.2556, grad_fn=<UnbindBackward0>)"
"tensor(75.8067, grad_fn=<UnbindBackward0>)","tensor(82.0530, grad_fn=<UnbindBackward0>)"
"tensor(41.7229, grad_fn=<UnbindBackward0>)","tensor(52.7178, grad_fn=<UnbindBackward0>)"
"tensor(75.3407, grad_fn=<UnbindBackward0>)","tensor(77.2646, grad_fn=<UnbindBackward0>)"
"tensor(76.9516, grad_fn=<UnbindBackward0>)","tensor(75.5920, grad_fn=<UnbindBackward0>)"
"tensor(45.1343, grad_fn=<UnbindBackward0>)","tensor(55.0929, grad_fn=<UnbindBackward0>)"
"tensor(48.1657, grad_fn=<UnbindBackward0>)","tensor(57.1118, grad_fn=<UnbindBackward0>)"
"tensor(48.3177, grad_fn=<UnbindBackward0>)","tensor(57.3477, grad_fn=<UnbindBackward0>)"
"tensor(50.2023, grad_fn=<UnbindBackward0>)","tensor(74.5540, grad_fn=<UnbindBackward0>)"
"tensor(37.1208, grad_fn=<UnbindBackward0>)","tensor(46.2540, grad_fn=<UnbindBackward0>)"
"tensor(74.0649, grad_fn=<UnbindBackward0>)","tensor(71.5366, grad_fn=<UnbindBackward0>)"
"tensor(53.9201, grad_fn=<UnbindBackward0>)","tensor(67.3509, grad_fn=<UnbindBackward0>)"
"tensor(75.7049, grad_fn=<UnbindBackward0>)","tensor(78.5724, grad_fn=<UnbindBackward0>)"
"tensor(43.4972, grad_fn=<UnbindBackward0>)","tensor(53.2216, grad_fn=<UnbindBackward0>)"
"tensor(50.4962, grad_fn=<UnbindBackward0>)","tensor(60.3460, grad_fn=<UnbindBackward0>)"
"tensor(59.5438, grad_fn=<UnbindBackward0>)","tensor(68.4963, grad_fn=<UnbindBackward0>)"
"tensor(68.8500, grad_fn=<UnbindBackward0>)","tensor(69.4847, grad_fn=<UnbindBackward0>)"
"tensor(49.8065, grad_fn=<UnbindBackward0>)","tensor(64.8192, grad_fn=<UnbindBackward0>)"
"tensor(73.1488, grad_fn=<UnbindBackward0>)","tensor(69.3538, grad_fn=<UnbindBackward0>)"
"tensor(48.9824, grad_fn=<UnbindBackward0>)","tensor(75.2496, grad_fn=<UnbindBackward0>)"
"tensor(48.7951, grad_fn=<UnbindBackward0>)","tensor(60.6384, grad_fn=<UnbindBackward0>)"
"tensor(47.8614, grad_fn=<UnbindBackward0>)","tensor(58.8526, grad_fn=<UnbindBackward0>)"
"tensor(36.8096, grad_fn=<UnbindBackward0>)","tensor(47.1728, grad_fn=<UnbindBackward0>)"
"tensor(57.0132, grad_fn=<UnbindBackward0>)","tensor(76.9614, grad_fn=<UnbindBackward0>)"
"tensor(36.2717, grad_fn=<UnbindBackward0>)","tensor(44.2655, grad_fn=<UnbindBackward0>)"
"tensor(48.9798, grad_fn=<UnbindBackward0>)","tensor(58.6347, grad_fn=<UnbindBackward0>)"
"tensor(67.3226, grad_fn=<UnbindBackward0>)","tensor(78.0008, grad_fn=<UnbindBackward0>)"
"tensor(76.3696, grad_fn=<UnbindBackward0>)","tensor(74.2204, grad_fn=<UnbindBackward0>)"
"tensor(55.2491, grad_fn=<UnbindBackward0>)","tensor(60.0335, grad_fn=<UnbindBackward0>)"
"tensor(76.6770, grad_fn=<UnbindBackward0>)","tensor(77.4011, grad_fn=<UnbindBackward0>)"
"tensor(63.8597, grad_fn=<UnbindBackward0>)","tensor(63.8055, grad_fn=<UnbindBackward0>)"
"tensor(75.3658, grad_fn=<UnbindBackward0>)","tensor(73.6186, grad_fn=<UnbindBackward0>)"
"tensor(35.9497, grad_fn=<UnbindBackward0>)","tensor(44.5518, grad_fn=<UnbindBackward0>)"
"tensor(68.3485, grad_fn=<UnbindBackward0>)","tensor(71.0851, grad_fn=<UnbindBackward0>)"
"tensor(65.7393, grad_fn=<UnbindBackward0>)","tensor(74.6391, grad_fn=<UnbindBackward0>)"
"tensor(59.7087, grad_fn=<UnbindBackward0>)","tensor(70.4627, grad_fn=<UnbindBackward0>)"
"tensor(46.6376, grad_fn=<UnbindBackward0>)","tensor(55.9452, grad_fn=<UnbindBackward0>)"
"tensor(41.1083, grad_fn=<UnbindBackward0>)","tensor(50.8018, grad_fn=<UnbindBackward0>)"
"tensor(55.9475, grad_fn=<UnbindBackward0>)","tensor(57.5574, grad_fn=<UnbindBackward0>)"
"tensor(75.9866, grad_fn=<UnbindBackward0>)","tensor(77.2391, grad_fn=<UnbindBackward0>)"
"tensor(75.6103, grad_fn=<UnbindBackward0>)","tensor(75.3128, grad_fn=<UnbindBackward0>)"
"tensor(73.1778, grad_fn=<UnbindBackward0>)","tensor(71.9669, grad_fn=<UnbindBackward0>)"
"tensor(62.4540, grad_fn=<UnbindBackward0>)","tensor(62.8145, grad_fn=<UnbindBackward0>)"
"tensor(66.2482, grad_fn=<UnbindBackward0>)","tensor(64.0421, grad_fn=<UnbindBackward0>)"
"tensor(37.1403, grad_fn=<UnbindBackward0>)","tensor(45.6163, grad_fn=<UnbindBackward0>)"
"tensor(41.0440, grad_fn=<UnbindBackward0>)","tensor(51.1054, grad_fn=<UnbindBackward0>)"
"tensor(35.6672, grad_fn=<UnbindBackward0>)","tensor(44.8423, grad_fn=<UnbindBackward0>)"
"tensor(47.9332, grad_fn=<UnbindBackward0>)","tensor(76.5473, grad_fn=<UnbindBackward0>)"
"tensor(51.3669, grad_fn=<UnbindBackward0>)","tensor(59.6975, grad_fn=<UnbindBackward0>)"
"tensor(76.3218, grad_fn=<UnbindBackward0>)","tensor(75.8457, grad_fn=<UnbindBackward0>)"
"tensor(71.6711, grad_fn=<UnbindBackward0>)","tensor(72.4463, grad_fn=<UnbindBackward0>)"
"tensor(46.7192, grad_fn=<UnbindBackward0>)","tensor(58.1435, grad_fn=<UnbindBackward0>)"
"tensor(40.1170, grad_fn=<UnbindBackward0>)","tensor(49.1811, grad_fn=<UnbindBackward0>)"
"tensor(48.6477, grad_fn=<UnbindBackward0>)","tensor(77.7032, grad_fn=<UnbindBackward0>)"
"tensor(75.9645, grad_fn=<UnbindBackward0>)","tensor(77.3279, grad_fn=<UnbindBackward0>)"
"tensor(63.6764, grad_fn=<UnbindBackward0>)","tensor(60.1682, grad_fn=<UnbindBackward0>)"
"tensor(72.8725, grad_fn=<UnbindBackward0>)","tensor(81.8887, grad_fn=<UnbindBackward0>)"
"tensor(40.3371, grad_fn=<UnbindBackward0>)","tensor(50.8134, grad_fn=<UnbindBackward0>)"
"tensor(53.9372, grad_fn=<UnbindBackward0>)","tensor(66.7059, grad_fn=<UnbindBackward0>)"
"tensor(75.6818, grad_fn=<UnbindBackward0>)","tensor(77.0429, grad_fn=<UnbindBackward0>)"
"tensor(60.1022, grad_fn=<UnbindBackward0>)","tensor(65.2268, grad_fn=<UnbindBackward0>)"
"tensor(50.1525, grad_fn=<UnbindBackward0>)","tensor(70.2314, grad_fn=<UnbindBackward0>)"
"tensor(63.8577, grad_fn=<UnbindBackward0>)","tensor(67.2066, grad_fn=<UnbindBackward0>)"
"tensor(76.3585, grad_fn=<UnbindBackward0>)","tensor(77.7581, grad_fn=<UnbindBackward0>)"
"tensor(76.8212, grad_fn=<UnbindBackward0>)","tensor(76.2376, grad_fn=<UnbindBackward0>)"
"tensor(73.6545, grad_fn=<UnbindBackward0>)","tensor(70.9946, grad_fn=<UnbindBackward0>)"
"tensor(42.2836, grad_fn=<UnbindBackward0>)","tensor(53.9284, grad_fn=<UnbindBackward0>)"
"tensor(76.5052, grad_fn=<UnbindBackward0>)","tensor(76.6710, grad_fn=<UnbindBackward0>)"
"tensor(43.2524, grad_fn=<UnbindBackward0>)","tensor(51.4749, grad_fn=<UnbindBackward0>)"
"tensor(68.8863, grad_fn=<UnbindBackward0>)","tensor(70.1554, grad_fn=<UnbindBackward0>)"
"tensor(54.2797, grad_fn=<UnbindBackward0>)","tensor(79.0521, grad_fn=<UnbindBackward0>)"
"tensor(73.4224, grad_fn=<UnbindBackward0>)","tensor(68.1980, grad_fn=<UnbindBackward0>)"
"tensor(62.0809, grad_fn=<UnbindBackward0>)","tensor(76.0865, grad_fn=<UnbindBackward0>)"
"tensor(75.7539, grad_fn=<UnbindBackward0>)","tensor(74.6659, grad_fn=<UnbindBackward0>)"
"tensor(43.8771, grad_fn=<UnbindBackward0>)","tensor(54.3723, grad_fn=<UnbindBackward0>)"
"tensor(68.6945, grad_fn=<UnbindBackward0>)","tensor(79.5452, grad_fn=<UnbindBackward0>)"
"tensor(49.3386, grad_fn=<UnbindBackward0>)","tensor(63.6342, grad_fn=<UnbindBackward0>)"
"tensor(76.0818, grad_fn=<UnbindBackward0>)","tensor(78.7623, grad_fn=<UnbindBackward0>)"
"tensor(57.2539, grad_fn=<UnbindBackward0>)","tensor(65.1689, grad_fn=<UnbindBackward0>)"
"tensor(33.8435, grad_fn=<UnbindBackward0>)","tensor(44.5246, grad_fn=<UnbindBackward0>)"
"tensor(76.9766, grad_fn=<UnbindBackward0>)","tensor(74.2872, grad_fn=<UnbindBackward0>)"
"tensor(53.0123, grad_fn=<UnbindBackward0>)","tensor(66.9350, grad_fn=<UnbindBackward0>)"
"tensor(70.0892, grad_fn=<UnbindBackward0>)","tensor(74.2305, grad_fn=<UnbindBackward0>)"
"tensor(75.4005, grad_fn=<UnbindBackward0>)","tensor(74.4137, grad_fn=<UnbindBackward0>)"
"tensor(72.0897, grad_fn=<UnbindBackward0>)","tensor(69.6936, grad_fn=<UnbindBackward0>)"
"tensor(45.4544, grad_fn=<UnbindBackward0>)","tensor(56.0987, grad_fn=<UnbindBackward0>)"
"tensor(33.8548, grad_fn=<UnbindBackward0>)","tensor(44.1436, grad_fn=<UnbindBackward0>)"
"tensor(57.6145, grad_fn=<UnbindBackward0>)","tensor(64.9824, grad_fn=<UnbindBackward0>)"
"tensor(41.8393, grad_fn=<UnbindBackward0>)","tensor(52.5986, grad_fn=<UnbindBackward0>)"
"tensor(37.7485, grad_fn=<UnbindBackward0>)","tensor(47.6875, grad_fn=<UnbindBackward0>)"
"tensor(54.3185, grad_fn=<UnbindBackward0>)","tensor(73.4307, grad_fn=<UnbindBackward0>)"
"tensor(51.7369, grad_fn=<UnbindBackward0>)","tensor(62.1754, grad_fn=<UnbindBackward0>)"
"tensor(56.7081, grad_fn=<UnbindBackward0>)","tensor(79.3941, grad_fn=<UnbindBackward0>)"
"tensor(32.4935, grad_fn=<UnbindBackward0>)","tensor(41.4433, grad_fn=<UnbindBackward0>)"
"tensor(76.9536, grad_fn=<UnbindBackward0>)","tensor(75.8458, grad_fn=<UnbindBackward0>)"
"tensor(77.2817, grad_fn=<UnbindBackward0>)","tensor(77.0995, grad_fn=<UnbindBackward0>)"
"tensor(60.1757, grad_fn=<UnbindBackward0>)","tensor(66.0345, grad_fn=<UnbindBackward0>)"
"tensor(77.5591, grad_fn=<UnbindBackward0>)","tensor(74.4728, grad_fn=<UnbindBackward0>)"
"tensor(55.9431, grad_fn=<UnbindBackward0>)","tensor(80.5297, grad_fn=<UnbindBackward0>)"
"tensor(76.3400, grad_fn=<UnbindBackward0>)","tensor(77.0661, grad_fn=<UnbindBackward0>)"
"tensor(70.6831, grad_fn=<UnbindBackward0>)","tensor(67.1763, grad_fn=<UnbindBackward0>)"
"tensor(76.8146, grad_fn=<UnbindBackward0>)","tensor(75.5954, grad_fn=<UnbindBackward0>)"
"tensor(69.4906, grad_fn=<UnbindBackward0>)","tensor(69.0204, grad_fn=<UnbindBackward0>)"
"tensor(64.4229, grad_fn=<UnbindBackward0>)","tensor(73.3587, grad_fn=<UnbindBackward0>)"
"tensor(57.7433, grad_fn=<UnbindBackward0>)","tensor(77.0541, grad_fn=<UnbindBackward0>)"
"tensor(75.9736, grad_fn=<UnbindBackward0>)","tensor(76.4473, grad_fn=<UnbindBackward0>)"
"tensor(41.0353, grad_fn=<UnbindBackward0>)","tensor(52.3130, grad_fn=<UnbindBackward0>)"
"tensor(69.1068, grad_fn=<UnbindBackward0>)","tensor(69.2820, grad_fn=<UnbindBackward0>)"
"tensor(40.1192, grad_fn=<UnbindBackward0>)","tensor(51.0467, grad_fn=<UnbindBackward0>)"
"tensor(76.2945, grad_fn=<UnbindBackward0>)","tensor(75.8876, grad_fn=<UnbindBackward0>)"
"tensor(54.8237, grad_fn=<UnbindBackward0>)","tensor(67.2279, grad_fn=<UnbindBackward0>)"
"tensor(61.0883, grad_fn=<UnbindBackward0>)","tensor(69.5208, grad_fn=<UnbindBackward0>)"
"tensor(37.5557, grad_fn=<UnbindBackward0>)","tensor(48.3494, grad_fn=<UnbindBackward0>)"
"tensor(47.0036, grad_fn=<UnbindBackward0>)","tensor(56.9488, grad_fn=<UnbindBackward0>)"
"tensor(48.2819, grad_fn=<UnbindBackward0>)","tensor(55.1368, grad_fn=<UnbindBackward0>)"
"tensor(67.6188, grad_fn=<UnbindBackward0>)","tensor(78.2647, grad_fn=<UnbindBackward0>)"
"tensor(44.5220, grad_fn=<UnbindBackward0>)","tensor(55.6941, grad_fn=<UnbindBackward0>)"
"tensor(55.6029, grad_fn=<UnbindBackward0>)","tensor(76.8153, grad_fn=<UnbindBackward0>)"
"tensor(50.3902, grad_fn=<UnbindBackward0>)","tensor(63.1721, grad_fn=<UnbindBackward0>)"
"tensor(67.0319, grad_fn=<UnbindBackward0>)","tensor(70.2917, grad_fn=<UnbindBackward0>)"
"tensor(64.2226, grad_fn=<UnbindBackward0>)","tensor(70.5298, grad_fn=<UnbindBackward0>)"
"tensor(75.4371, grad_fn=<UnbindBackward0>)","tensor(78.1624, grad_fn=<UnbindBackward0>)"
"tensor(69.2361, grad_fn=<UnbindBackward0>)","tensor(70.2484, grad_fn=<UnbindBackward0>)"
"tensor(69.5078, grad_fn=<UnbindBackward0>)","tensor(80.6368, grad_fn=<UnbindBackward0>)"
"tensor(52.5795, grad_fn=<UnbindBackward0>)","tensor(60.3055, grad_fn=<UnbindBackward0>)"
"tensor(76.1008, grad_fn=<UnbindBackward0>)","tensor(76.8439, grad_fn=<UnbindBackward0>)"
"tensor(67.4012, grad_fn=<UnbindBackward0>)","tensor(77.2371, grad_fn=<UnbindBackward0>)"
"tensor(66.4541, grad_fn=<UnbindBackward0>)","tensor(78.2619, grad_fn=<UnbindBackward0>)"
"tensor(46.3717, grad_fn=<UnbindBackward0>)","tensor(57.0504, grad_fn=<UnbindBackward0>)"
"tensor(75.2067, grad_fn=<UnbindBackward0>)","tensor(77.7386, grad_fn=<UnbindBackward0>)"
"tensor(75.3064, grad_fn=<UnbindBackward0>)","tensor(77.7810, grad_fn=<UnbindBackward0>)"
"tensor(45.5658, grad_fn=<UnbindBackward0>)","tensor(67.5916, grad_fn=<UnbindBackward0>)"
"tensor(35.4279, grad_fn=<UnbindBackward0>)","tensor(46.2358, grad_fn=<UnbindBackward0>)"
"tensor(63.3645, grad_fn=<UnbindBackward0>)","tensor(72.5827, grad_fn=<UnbindBackward0>)"
"tensor(75.6800, grad_fn=<UnbindBackward0>)","tensor(79.9497, grad_fn=<UnbindBackward0>)"
"tensor(54.7977, grad_fn=<UnbindBackward0>)","tensor(76.7850, grad_fn=<UnbindBackward0>)"
"tensor(71.6018, grad_fn=<UnbindBackward0>)","tensor(77.1163, grad_fn=<UnbindBackward0>)"
"tensor(76.1229, grad_fn=<UnbindBackward0>)","tensor(76.5735, grad_fn=<UnbindBackward0>)"
"tensor(49.8807, grad_fn=<UnbindBackward0>)","tensor(60.5725, grad_fn=<UnbindBackward0>)"
"tensor(76.3411, grad_fn=<UnbindBackward0>)","tensor(75.3850, grad_fn=<UnbindBackward0>)"
"tensor(65.9653, grad_fn=<UnbindBackward0>)","tensor(74.1912, grad_fn=<UnbindBackward0>)"
"tensor(57.0913, grad_fn=<UnbindBackward0>)","tensor(62.4794, grad_fn=<UnbindBackward0>)"
"tensor(76.6956, grad_fn=<UnbindBackward0>)","tensor(77.3714, grad_fn=<UnbindBackward0>)"
"tensor(50.4029, grad_fn=<UnbindBackward0>)","tensor(76.2134, grad_fn=<UnbindBackward0>)"
"tensor(55.4802, grad_fn=<UnbindBackward0>)","tensor(77.3732, grad_fn=<UnbindBackward0>)"
"tensor(29.9916, grad_fn=<UnbindBackward0>)","tensor(40.8802, grad_fn=<UnbindBackward0>)"
"tensor(65.6816, grad_fn=<UnbindBackward0>)","tensor(67.3348, grad_fn=<UnbindBackward0>)"
"tensor(40.3638, grad_fn=<UnbindBackward0>)","tensor(49.1746, grad_fn=<UnbindBackward0>)"
"tensor(56.6649, grad_fn=<UnbindBackward0>)","tensor(64.5795, grad_fn=<UnbindBackward0>)"
"tensor(40.9904, grad_fn=<UnbindBackward0>)","tensor(51.3172, grad_fn=<UnbindBackward0>)"
"tensor(46.1284, grad_fn=<UnbindBackward0>)","tensor(60.5106, grad_fn=<UnbindBackward0>)"
"tensor(66.4779, grad_fn=<UnbindBackward0>)","tensor(80.4866, grad_fn=<UnbindBackward0>)"
"tensor(64.2307, grad_fn=<UnbindBackward0>)","tensor(69.2830, grad_fn=<UnbindBackward0>)"
"tensor(76.9861, grad_fn=<UnbindBackward0>)","tensor(75.1871, grad_fn=<UnbindBackward0>)"
"tensor(46.7673, grad_fn=<UnbindBackward0>)","tensor(70.5617, grad_fn=<UnbindBackward0>)"
"tensor(76.9428, grad_fn=<UnbindBackward0>)","tensor(74.3135, grad_fn=<UnbindBackward0>)"
"tensor(73.5146, grad_fn=<UnbindBackward0>)","tensor(73.1091, grad_fn=<UnbindBackward0>)"
"tensor(76.2282, grad_fn=<UnbindBackward0>)","tensor(77.0125, grad_fn=<UnbindBackward0>)"
"tensor(74.8268, grad_fn=<UnbindBackward0>)","tensor(73.8617, grad_fn=<UnbindBackward0>)"
"tensor(52.9793, grad_fn=<UnbindBackward0>)","tensor(63.6408, grad_fn=<UnbindBackward0>)"
"tensor(53.4918, grad_fn=<UnbindBackward0>)","tensor(73.1805, grad_fn=<UnbindBackward0>)"
"tensor(71.8687, grad_fn=<UnbindBackward0>)","tensor(68.9680, grad_fn=<UnbindBackward0>)"
"tensor(59.8924, grad_fn=<UnbindBackward0>)","tensor(61.7230, grad_fn=<UnbindBackward0>)"
"tensor(57.1514, grad_fn=<UnbindBackward0>)","tensor(65.0832, grad_fn=<UnbindBackward0>)"
"tensor(36.2775, grad_fn=<UnbindBackward0>)","tensor(43.1593, grad_fn=<UnbindBackward0>)"
"tensor(38.7569, grad_fn=<UnbindBackward0>)","tensor(51.3401, grad_fn=<UnbindBackward0>)"
"tensor(36.2093, grad_fn=<UnbindBackward0>)","tensor(48.2476, grad_fn=<UnbindBackward0>)"
"tensor(59.5670, grad_fn=<UnbindBackward0>)","tensor(65.5881, grad_fn=<UnbindBackward0>)"
"tensor(64.4684, grad_fn=<UnbindBackward0>)","tensor(77.1089, grad_fn=<UnbindBackward0>)"
"tensor(72.4527, grad_fn=<UnbindBackward0>)","tensor(76.2685, grad_fn=<UnbindBackward0>)"
"tensor(59.9413, grad_fn=<UnbindBackward0>)","tensor(64.6799, grad_fn=<UnbindBackward0>)"
"tensor(77.0348, grad_fn=<UnbindBackward0>)","tensor(75.4228, grad_fn=<UnbindBackward0>)"
"tensor(76.7696, grad_fn=<UnbindBackward0>)","tensor(76.8118, grad_fn=<UnbindBackward0>)"
"tensor(52.9050, grad_fn=<UnbindBackward0>)","tensor(61.2835, grad_fn=<UnbindBackward0>)"
"tensor(62.0935, grad_fn=<UnbindBackward0>)","tensor(77.1222, grad_fn=<UnbindBackward0>)"
"tensor(64.4393, grad_fn=<UnbindBackward0>)","tensor(77.9822, grad_fn=<UnbindBackward0>)"
"tensor(37.4901, grad_fn=<UnbindBackward0>)","tensor(47.2741, grad_fn=<UnbindBackward0>)"
"tensor(46.7303, grad_fn=<UnbindBackward0>)","tensor(60.6673, grad_fn=<UnbindBackward0>)"
"tensor(55.5625, grad_fn=<UnbindBackward0>)","tensor(76.3612, grad_fn=<UnbindBackward0>)"
"tensor(76.8181, grad_fn=<UnbindBackward0>)","tensor(75.0802, grad_fn=<UnbindBackward0>)"
"tensor(76.8924, grad_fn=<UnbindBackward0>)","tensor(75.3765, grad_fn=<UnbindBackward0>)"
"tensor(58.2361, grad_fn=<UnbindBackward0>)","tensor(65.2103, grad_fn=<UnbindBackward0>)"
"tensor(51.1673, grad_fn=<UnbindBackward0>)","tensor(77.5347, grad_fn=<UnbindBackward0>)"
"tensor(34.9398, grad_fn=<UnbindBackward0>)","tensor(47.5119, grad_fn=<UnbindBackward0>)"
"tensor(51.8388, grad_fn=<UnbindBackward0>)","tensor(64.6483, grad_fn=<UnbindBackward0>)"
"tensor(38.7090, grad_fn=<UnbindBackward0>)","tensor(49.7087, grad_fn=<UnbindBackward0>)"
"tensor(51.8868, grad_fn=<UnbindBackward0>)","tensor(73.8864, grad_fn=<UnbindBackward0>)"
"tensor(46.6992, grad_fn=<UnbindBackward0>)","tensor(72.7304, grad_fn=<UnbindBackward0>)"
"tensor(76.5901, grad_fn=<UnbindBackward0>)","tensor(75.9291, grad_fn=<UnbindBackward0>)"
"tensor(76.9336, grad_fn=<UnbindBackward0>)","tensor(76.4893, grad_fn=<UnbindBackward0>)"
"tensor(46.6514, grad_fn=<UnbindBackward0>)","tensor(61.8656, grad_fn=<UnbindBackward0>)"
"tensor(33.1608, grad_fn=<UnbindBackward0>)","tensor(44.5094, grad_fn=<UnbindBackward0>)"
"tensor(60.1631, grad_fn=<UnbindBackward0>)","tensor(66.1534, grad_fn=<UnbindBackward0>)"
"tensor(55.4549, grad_fn=<UnbindBackward0>)","tensor(76.3528, grad_fn=<UnbindBackward0>)"
"tensor(39.7217, grad_fn=<UnbindBackward0>)","tensor(51.8861, grad_fn=<UnbindBackward0>)"
"tensor(76.1719, grad_fn=<UnbindBackward0>)","tensor(77.5135, grad_fn=<UnbindBackward0>)"
"tensor(38.5074, grad_fn=<UnbindBackward0>)","tensor(50.6491, grad_fn=<UnbindBackward0>)"
"tensor(74.1013, grad_fn=<UnbindBackward0>)","tensor(67.7094, grad_fn=<UnbindBackward0>)"
"tensor(61.8808, grad_fn=<UnbindBackward0>)","tensor(67.2963, grad_fn=<UnbindBackward0>)"
"tensor(77.3328, grad_fn=<UnbindBackward0>)","tensor(75.1625, grad_fn=<UnbindBackward0>)"
"tensor(75.8940, grad_fn=<UnbindBackward0>)","tensor(79.0665, grad_fn=<UnbindBackward0>)"
"tensor(49.1615, grad_fn=<UnbindBackward0>)","tensor(59.2984, grad_fn=<UnbindBackward0>)"
"tensor(35.0627, grad_fn=<UnbindBackward0>)","tensor(47.1983, grad_fn=<UnbindBackward0>)"
"tensor(44.1880, grad_fn=<UnbindBackward0>)","tensor(64.4083, grad_fn=<UnbindBackward0>)"
"tensor(58.0701, grad_fn=<UnbindBackward0>)","tensor(60.9175, grad_fn=<UnbindBackward0>)"
"tensor(49.1634, grad_fn=<UnbindBackward0>)","tensor(63.2526, grad_fn=<UnbindBackward0>)"
"tensor(36.2827, grad_fn=<UnbindBackward0>)","tensor(46.7878, grad_fn=<UnbindBackward0>)"
"tensor(33.4015, grad_fn=<UnbindBackward0>)","tensor(44.8474, grad_fn=<UnbindBackward0>)"
"tensor(49.9691, grad_fn=<UnbindBackward0>)","tensor(61.7130, grad_fn=<UnbindBackward0>)"
"tensor(56.5645, grad_fn=<UnbindBackward0>)","tensor(62.8140, grad_fn=<UnbindBackward0>)"
"tensor(41.2448, grad_fn=<UnbindBackward0>)","tensor(52.1964, grad_fn=<UnbindBackward0>)"
"tensor(37.4400, grad_fn=<UnbindBackward0>)","tensor(48.1764, grad_fn=<UnbindBackward0>)"
"tensor(58.2342, grad_fn=<UnbindBackward0>)","tensor(64.7514, grad_fn=<UnbindBackward0>)"
"tensor(59.1567, grad_fn=<UnbindBackward0>)","tensor(70.5278, grad_fn=<UnbindBackward0>)"
"tensor(59.8467, grad_fn=<UnbindBackward0>)","tensor(73.2683, grad_fn=<UnbindBackward0>)"
"tensor(69.1363, grad_fn=<UnbindBackward0>)","tensor(77.7374, grad_fn=<UnbindBackward0>)"
"tensor(76.4550, grad_fn=<UnbindBackward0>)","tensor(77.3959, grad_fn=<UnbindBackward0>)"
"tensor(66.7555, grad_fn=<UnbindBackward0>)","tensor(66.6111, grad_fn=<UnbindBackward0>)"
"tensor(59.0039, grad_fn=<UnbindBackward0>)","tensor(68.0920, grad_fn=<UnbindBackward0>)"
"tensor(76.4652, grad_fn=<UnbindBackward0>)","tensor(76.2551, grad_fn=<UnbindBackward0>)"
"tensor(41.9597, grad_fn=<UnbindBackward0>)","tensor(51.5729, grad_fn=<UnbindBackward0>)"
"tensor(76.7834, grad_fn=<UnbindBackward0>)","tensor(75.7963, grad_fn=<UnbindBackward0>)"
"tensor(76.7311, grad_fn=<UnbindBackward0>)","tensor(77.1319, grad_fn=<UnbindBackward0>)"
"tensor(76.3425, grad_fn=<UnbindBackward0>)","tensor(76.5108, grad_fn=<UnbindBackward0>)"
"tensor(58.0546, grad_fn=<UnbindBackward0>)","tensor(68.4715, grad_fn=<UnbindBackward0>)"
"tensor(75.3024, grad_fn=<UnbindBackward0>)","tensor(78.0286, grad_fn=<UnbindBackward0>)"
"tensor(76.7954, grad_fn=<UnbindBackward0>)","tensor(76.0453, grad_fn=<UnbindBackward0>)"
"tensor(42.5974, grad_fn=<UnbindBackward0>)","tensor(50.1620, grad_fn=<UnbindBackward0>)"
"tensor(54.6208, grad_fn=<UnbindBackward0>)","tensor(77.1913, grad_fn=<UnbindBackward0>)"
"tensor(35.7897, grad_fn=<UnbindBackward0>)","tensor(46.7167, grad_fn=<UnbindBackward0>)"
"tensor(39.7192, grad_fn=<UnbindBackward0>)","tensor(52.4687, grad_fn=<UnbindBackward0>)"
"tensor(76.7499, grad_fn=<UnbindBackward0>)","tensor(74.7532, grad_fn=<UnbindBackward0>)"
"tensor(62.7908, grad_fn=<UnbindBackward0>)","tensor(75.7663, grad_fn=<UnbindBackward0>)"
"tensor(69.4956, grad_fn=<UnbindBackward0>)","tensor(75.3517, grad_fn=<UnbindBackward0>)"
"tensor(76.4063, grad_fn=<UnbindBackward0>)","tensor(77.1088, grad_fn=<UnbindBackward0>)"
"tensor(52.1710, grad_fn=<UnbindBackward0>)","tensor(60.5582, grad_fn=<UnbindBackward0>)"
"tensor(34.1618, grad_fn=<UnbindBackward0>)","tensor(43.1764, grad_fn=<UnbindBackward0>)"
"tensor(76.2987, grad_fn=<UnbindBackward0>)","tensor(74.7742, grad_fn=<UnbindBackward0>)"
"tensor(56.2665, grad_fn=<UnbindBackward0>)","tensor(76.4093, grad_fn=<UnbindBackward0>)"
"tensor(37.5149, grad_fn=<UnbindBackward0>)","tensor(46.0763, grad_fn=<UnbindBackward0>)"
"tensor(55.7657, grad_fn=<UnbindBackward0>)","tensor(69.3463, grad_fn=<UnbindBackward0>)"
"tensor(38.4758, grad_fn=<UnbindBackward0>)","tensor(47.0183, grad_fn=<UnbindBackward0>)"
"tensor(69.1655, grad_fn=<UnbindBackward0>)","tensor(68.0798, grad_fn=<UnbindBackward0>)"
"tensor(63.4044, grad_fn=<UnbindBackward0>)","tensor(68.0289, grad_fn=<UnbindBackward0>)"
"tensor(35.6227, grad_fn=<UnbindBackward0>)","tensor(45.2541, grad_fn=<UnbindBackward0>)"
"tensor(76.8411, grad_fn=<UnbindBackward0>)","tensor(75.9461, grad_fn=<UnbindBackward0>)"
"tensor(76.3970, grad_fn=<UnbindBackward0>)","tensor(76.2496, grad_fn=<UnbindBackward0>)"
"tensor(48.7011, grad_fn=<UnbindBackward0>)","tensor(71.6814, grad_fn=<UnbindBackward0>)"
"tensor(72.9657, grad_fn=<UnbindBackward0>)","tensor(72.7901, grad_fn=<UnbindBackward0>)"
"tensor(55.0137, grad_fn=<UnbindBackward0>)","tensor(58.6837, grad_fn=<UnbindBackward0>)"
"tensor(55.7969, grad_fn=<UnbindBackward0>)","tensor(69.9442, grad_fn=<UnbindBackward0>)"
"tensor(75.7805, grad_fn=<UnbindBackward0>)","tensor(76.8502, grad_fn=<UnbindBackward0>)"
"tensor(76.0002, grad_fn=<UnbindBackward0>)","tensor(75.5843, grad_fn=<UnbindBackward0>)"
"tensor(51.0442, grad_fn=<UnbindBackward0>)","tensor(71.1730, grad_fn=<UnbindBackward0>)"
"tensor(73.8323, grad_fn=<UnbindBackward0>)","tensor(73.6822, grad_fn=<UnbindBackward0>)"
"tensor(64.9130, grad_fn=<UnbindBackward0>)","tensor(70.4159, grad_fn=<UnbindBackward0>)"
"tensor(76.3190, grad_fn=<UnbindBackward0>)","tensor(75.9542, grad_fn=<UnbindBackward0>)"
"tensor(75.5803, grad_fn=<UnbindBackward0>)","tensor(75.4246, grad_fn=<UnbindBackward0>)"
"tensor(76.3106, grad_fn=<UnbindBackward0>)","tensor(79.2451, grad_fn=<UnbindBackward0>)"
"tensor(40.4741, grad_fn=<UnbindBackward0>)","tensor(50.5169, grad_fn=<UnbindBackward0>)"
"tensor(31.3367, grad_fn=<UnbindBackward0>)","tensor(41.0288, grad_fn=<UnbindBackward0>)"
"tensor(54.1793, grad_fn=<UnbindBackward0>)","tensor(77.4562, grad_fn=<UnbindBackward0>)"
"tensor(65.2911, grad_fn=<UnbindBackward0>)","tensor(78.2763, grad_fn=<UnbindBackward0>)"
"tensor(40.7112, grad_fn=<UnbindBackward0>)","tensor(59.1095, grad_fn=<UnbindBackward0>)"
"tensor(76.6796, grad_fn=<UnbindBackward0>)","tensor(76.7060, grad_fn=<UnbindBackward0>)"
"tensor(41.3931, grad_fn=<UnbindBackward0>)","tensor(52.0849, grad_fn=<UnbindBackward0>)"
"tensor(35.2508, grad_fn=<UnbindBackward0>)","tensor(45.4236, grad_fn=<UnbindBackward0>)"
"tensor(51.8693, grad_fn=<UnbindBackward0>)","tensor(66.0886, grad_fn=<UnbindBackward0>)"
"tensor(72.5770, grad_fn=<UnbindBackward0>)","tensor(72.1017, grad_fn=<UnbindBackward0>)"
"tensor(75.9931, grad_fn=<UnbindBackward0>)","tensor(81.5025, grad_fn=<UnbindBackward0>)"
"tensor(52.6535, grad_fn=<UnbindBackward0>)","tensor(72.3559, grad_fn=<UnbindBackward0>)"
"tensor(41.7341, grad_fn=<UnbindBackward0>)","tensor(51.0976, grad_fn=<UnbindBackward0>)"
"tensor(36.7001, grad_fn=<UnbindBackward0>)","tensor(46.4454, grad_fn=<UnbindBackward0>)"
"tensor(54.5231, grad_fn=<UnbindBackward0>)","tensor(63.7050, grad_fn=<UnbindBackward0>)"
"tensor(51.3277, grad_fn=<UnbindBackward0>)","tensor(68.4429, grad_fn=<UnbindBackward0>)"
"tensor(37.1095, grad_fn=<UnbindBackward0>)","tensor(48.4565, grad_fn=<UnbindBackward0>)"
"tensor(74.0317, grad_fn=<UnbindBackward0>)","tensor(72.8317, grad_fn=<UnbindBackward0>)"
"tensor(48.6002, grad_fn=<UnbindBackward0>)","tensor(59.5607, grad_fn=<UnbindBackward0>)"
"tensor(46.0881, grad_fn=<UnbindBackward0>)","tensor(69.0297, grad_fn=<UnbindBackward0>)"
"tensor(76.7926, grad_fn=<UnbindBackward0>)","tensor(76.4915, grad_fn=<UnbindBackward0>)"
"tensor(71.3571, grad_fn=<UnbindBackward0>)","tensor(70.6297, grad_fn=<UnbindBackward0>)"
"tensor(76.5313, grad_fn=<UnbindBackward0>)","tensor(77.9208, grad_fn=<UnbindBackward0>)"
"tensor(67.8300, grad_fn=<UnbindBackward0>)","tensor(78.2360, grad_fn=<UnbindBackward0>)"
"tensor(38.3269, grad_fn=<UnbindBackward0>)","tensor(48.3042, grad_fn=<UnbindBackward0>)"
"tensor(49.2607, grad_fn=<UnbindBackward0>)","tensor(57.9942, grad_fn=<UnbindBackward0>)"
"tensor(59.0295, grad_fn=<UnbindBackward0>)","tensor(77.4905, grad_fn=<UnbindBackward0>)"
"tensor(45.1822, grad_fn=<UnbindBackward0>)","tensor(53.8570, grad_fn=<UnbindBackward0>)"
"tensor(42.0324, grad_fn=<UnbindBackward0>)","tensor(53.5931, grad_fn=<UnbindBackward0>)"
"tensor(76.3380, grad_fn=<UnbindBackward0>)","tensor(78.4508, grad_fn=<UnbindBackward0>)"
"tensor(45.2358, grad_fn=<UnbindBackward0>)","tensor(57.1945, grad_fn=<UnbindBackward0>)"
"tensor(76.2753, grad_fn=<UnbindBackward0>)","tensor(79.3873, grad_fn=<UnbindBackward0>)"
"tensor(51.7053, grad_fn=<UnbindBackward0>)","tensor(67.2111, grad_fn=<UnbindBackward0>)"
"tensor(75.7569, grad_fn=<UnbindBackward0>)","tensor(76.4356, grad_fn=<UnbindBackward0>)"
"tensor(51.2301, grad_fn=<UnbindBackward0>)","tensor(63.0573, grad_fn=<UnbindBackward0>)"
"tensor(34.3496, grad_fn=<UnbindBackward0>)","tensor(44.6320, grad_fn=<UnbindBackward0>)"
"tensor(76.0447, grad_fn=<UnbindBackward0>)","tensor(75.3011, grad_fn=<UnbindBackward0>)"
"tensor(32.3490, grad_fn=<UnbindBackward0>)","tensor(44.7661, grad_fn=<UnbindBackward0>)"
"tensor(52.5722, grad_fn=<UnbindBackward0>)","tensor(76.4302, grad_fn=<UnbindBackward0>)"
"tensor(75.6012, grad_fn=<UnbindBackward0>)","tensor(75.1216, grad_fn=<UnbindBackward0>)"
"tensor(64.3267, grad_fn=<UnbindBackward0>)","tensor(64.3762, grad_fn=<UnbindBackward0>)"
"tensor(75.8365, grad_fn=<UnbindBackward0>)","tensor(76.7702, grad_fn=<UnbindBackward0>)"
"tensor(75.6604, grad_fn=<UnbindBackward0>)","tensor(77.0313, grad_fn=<UnbindBackward0>)"
"tensor(76.9196, grad_fn=<UnbindBackward0>)","tensor(76.0890, grad_fn=<UnbindBackward0>)"
"tensor(67.8558, grad_fn=<UnbindBackward0>)","tensor(78.3588, grad_fn=<UnbindBackward0>)"
"tensor(32.8976, grad_fn=<UnbindBackward0>)","tensor(42.2763, grad_fn=<UnbindBackward0>)"
"tensor(38.4990, grad_fn=<UnbindBackward0>)","tensor(52.7598, grad_fn=<UnbindBackward0>)"
"tensor(51.1164, grad_fn=<UnbindBackward0>)","tensor(70.4761, grad_fn=<UnbindBackward0>)"
"tensor(68.9965, grad_fn=<UnbindBackward0>)","tensor(78.1824, grad_fn=<UnbindBackward0>)"
"tensor(35.4684, grad_fn=<UnbindBackward0>)","tensor(47.0342, grad_fn=<UnbindBackward0>)"
"tensor(35.4116, grad_fn=<UnbindBackward0>)","tensor(45.5917, grad_fn=<UnbindBackward0>)"
"tensor(76.2124, grad_fn=<UnbindBackward0>)","tensor(77.9321, grad_fn=<UnbindBackward0>)"
"tensor(37.1333, grad_fn=<UnbindBackward0>)","tensor(47.3459, grad_fn=<UnbindBackward0>)"
"tensor(76.6890, grad_fn=<UnbindBackward0>)","tensor(75.6159, grad_fn=<UnbindBackward0>)"
"tensor(68.9999, grad_fn=<UnbindBackward0>)","tensor(70.6493, grad_fn=<UnbindBackward0>)"
"tensor(76.2887, grad_fn=<UnbindBackward0>)","tensor(77.5394, grad_fn=<UnbindBackward0>)"
"tensor(39.8675, grad_fn=<UnbindBackward0>)","tensor(47.8180, grad_fn=<UnbindBackward0>)"
"tensor(59.0845, grad_fn=<UnbindBackward0>)","tensor(58.9252, grad_fn=<UnbindBackward0>)"
"tensor(75.7542, grad_fn=<UnbindBackward0>)","tensor(75.4140, grad_fn=<UnbindBackward0>)"
"tensor(45.8266, grad_fn=<UnbindBackward0>)","tensor(69.4522, grad_fn=<UnbindBackward0>)"
"tensor(52.7027, grad_fn=<UnbindBackward0>)","tensor(67.1237, grad_fn=<UnbindBackward0>)"
"tensor(38.9570, grad_fn=<UnbindBackward0>)","tensor(47.8449, grad_fn=<UnbindBackward0>)"
"tensor(73.3861, grad_fn=<UnbindBackward0>)","tensor(76.8408, grad_fn=<UnbindBackward0>)"
"tensor(53.4054, grad_fn=<UnbindBackward0>)","tensor(61.9290, grad_fn=<UnbindBackward0>)"
"tensor(66.4486, grad_fn=<UnbindBackward0>)","tensor(67.3730, grad_fn=<UnbindBackward0>)"
"tensor(68.6850, grad_fn=<UnbindBackward0>)","tensor(71.8798, grad_fn=<UnbindBackward0>)"
"tensor(53.4042, grad_fn=<UnbindBackward0>)","tensor(61.0417, grad_fn=<UnbindBackward0>)"
"tensor(72.4308, grad_fn=<UnbindBackward0>)","tensor(71.7247, grad_fn=<UnbindBackward0>)"
"tensor(52.6349, grad_fn=<UnbindBackward0>)","tensor(66.9349, grad_fn=<UnbindBackward0>)"
"tensor(61.5851, grad_fn=<UnbindBackward0>)","tensor(66.0736, grad_fn=<UnbindBackward0>)"
"tensor(37.2322, grad_fn=<UnbindBackward0>)","tensor(48.7414, grad_fn=<UnbindBackward0>)"
"tensor(76.1027, grad_fn=<UnbindBackward0>)","tensor(77.3623, grad_fn=<UnbindBackward0>)"
"tensor(39.1365, grad_fn=<UnbindBackward0>)","tensor(50.1040, grad_fn=<UnbindBackward0>)"
"tensor(76.1462, grad_fn=<UnbindBackward0>)","tensor(76.9631, grad_fn=<UnbindBackward0>)"
"tensor(61.1116, grad_fn=<UnbindBackward0>)","tensor(76.1139, grad_fn=<UnbindBackward0>)"
"tensor(55.6826, grad_fn=<UnbindBackward0>)","tensor(75.9700, grad_fn=<UnbindBackward0>)"
"tensor(52.5475, grad_fn=<UnbindBackward0>)","tensor(66.4542, grad_fn=<UnbindBackward0>)"
